0,0.00012221134014655746
1,-1.8194124723672729e-06
2,-3.672629197810078e-06
3,-2.0921658858409867e-06
4,-1.8194124723672729e-06
5,3.1375681971416896e-05
6,3.353621997005869e-05
7,-1.976897315571444e-06
8,3.149238622314459e-05
9,-1.9664370214297056e-06
10,-1.8022414410452775e-06
11,3.155033784594306e-05
12,-1.935530997981989e-06
13,-1.9527020293039845e-06
14,3.1410162753705125e-05
15,-1.9527020293039845e-06
16,3.154753086882419e-05
17,-1.8022414410452775e-06
18,-1.8022414410452775e-06
19,-1.8194124723672729e-06
20,3.1462500422265845e-05
21,-1.8194124723672729e-06
22,3.1462500422265845e-05
23,-1.8022414410452775e-06
24,3.155033784594306e-05
25,3.149519320026346e-05
26,3.1462500422265845e-05
27,6.082280238063302e-05
28,1.5288880959856913e-05
29,1.3790035943657176e-05
30,1.5479103573474015e-05
31,1.5288880959856913e-05
32,3.650018321809835e-05
33,3.840344104265182e-05
34,1.4904488986039356e-05
35,3.682626912100371e-05
36,1.4914949280181095e-05
37,1.5251023094478502e-05
38,3.6884161784933636e-05
39,1.520598219127615e-05
40,1.5243840056654562e-05
41,3.719010829832852e-05
42,1.5243840056654562e-05
43,3.688141376668331e-05
44,1.5251023094478502e-05
45,1.5251023094478502e-05
46,1.5288880959856913e-05
47,3.7242504925757794e-05
48,1.5288880959856913e-05
49,3.7242504925757794e-05
50,1.5251023094478502e-05
51,3.6884161784933636e-05
52,3.6829017139254035e-05
53,3.7242504925757794e-05
54,8.045478207907502e-05
55,3.6192772997464102e-06
56,2.7789540666952332e-06
57,6.437884820537224e-06
58,3.6192772997464102e-06
59,-7.677820593540816e-08
60,2.9539902135486114e-06
61,5.843300908172597e-06
62,5.56181472656851e-07
63,5.809032403206818e-06
64,3.3645255677674515e-06
65,5.145764688218973e-07
66,3.3328109988794412e-06
67,3.5875627308584e-06
68,2.352144237441475e-07
69,3.5875627308584e-06
70,5.56181472656851e-07
71,3.3645255677674515e-06
72,3.3645255677674515e-06
73,3.6192772997464102e-06
74,2.768194275791011e-07
75,3.6192772997464102e-06
76,2.768194275791011e-07
77,3.3645255677674515e-06
78,5.145764688218973e-07
79,5.145764688218973e-07
80,2.768194275791011e-07
81,9.93572999737534e-05
82,-8.322623094174238e-07
83,-2.3345331258402415e-06
84,-9.122876787517283e-07
85,-8.322623094174238e-07
86,1.0582877607023638e-05
87,1.280860303439609e-05
88,-4.028293676488265e-07
89,1.0532607364955821e-05
90,-4.087537396161879e-07
91,-4.115916118958235e-07
92,1.057411536277664e-05
93,-5.864660888342241e-07
94,-1.0071367863558245e-06
95,1.0939641414618641e-05
96,-1.0071367863558245e-06
97,1.0587752010635423e-05
98,-4.115916118958235e-07
99,-4.115916118958235e-07
100,-8.322623094174238e-07
101,1.1008422708157021e-05
102,-8.322623094174238e-07
103,1.1008422708157021e-05
104,-4.115916118958235e-07
105,1.057411536277664e-05
106,1.051897071709704e-05
107,1.1008422708157021e-05
108,0.00010379222257298647
109,-1.5379861965362799e-06
110,-4.883504481879273e-06
111,-3.4524967905437604e-06
112,-1.5379861965362799e-06
113,2.2706143876228785e-06
114,7.987367789663613e-06
115,-1.7494570512014745e-06
116,3.827120336978654e-06
117,-3.361107646236854e-06
118,-1.7494570512014745e-06
119,2.2706143876228785e-06
120,-3.554414704113136e-06
121,-3.3429438494479414e-06
122,2.0039988872780793e-06
123,-3.3429438494479414e-06
124,3.882264982658258e-06
125,-1.7494570512014745e-06
126,-1.7494570512014745e-06
127,-1.5379861965362799e-06
128,3.6707941279930636e-06
129,-1.5379861965362799e-06
130,3.6707941279930636e-06
131,-1.7494570512014745e-06
132,2.2706143876228785e-06
133,2.2154697419432737e-06
134,3.6707941279930636e-06
135,0.00012580584664985742
136,3.208074053030419e-06
137,1.0739167270263795e-05
138,6.253996870766845e-06
139,3.208074053030419e-06
140,3.155467298468599e-05
141,3.153643749359419e-05
142,1.378234671227533e-05
143,2.4217103228734096e-05
144,1.3752160102024111e-05
145,3.344460330909771e-06
146,2.4186916618482873e-05
147,3.5018177691148484e-06
148,3.3654314912354963e-06
149,2.4323302896362225e-05
150,3.3654314912354963e-06
151,2.4217103228734096e-05
152,3.344460330909771e-06
153,3.344460330909771e-06
154,3.208074053030419e-06
155,2.4353489506613448e-05
156,3.208074053030419e-06
157,2.4353489506613448e-05
158,3.344460330909771e-06
159,2.4186916618482873e-05
160,2.4186916618482873e-05
161,2.4353489506613448e-05
162,5.534325467595888e-05
163,3.851157717625733e-06
164,2.5436479516609115e-06
165,3.715971186000847e-06
166,3.851157717625733e-06
167,3.7449757091603827e-06
168,7.274548868550565e-06
169,5.30937194487065e-06
170,3.861148147490689e-06
171,5.208972221799143e-06
172,5.380289305809054e-06
173,3.815893070098787e-06
174,5.46551603336962e-06
175,3.936384445186299e-06
176,5.289880012602503e-06
177,3.936384445186299e-06
178,3.916292793170294e-06
179,5.380289305809054e-06
180,5.380289305809054e-06
181,3.851157717625733e-06
182,5.445424381353615e-06
183,3.851157717625733e-06
184,5.445424381353615e-06
185,5.380289305809054e-06
186,3.815893070098787e-06
187,3.760748424419182e-06
188,5.445424381353615e-06
189,0.0004524626829963521
190,0.00021813723611939376
191,0.00021814606977250012
192,0.00022116665722854572
193,0.00021813723611939376
194,0.0003231364949862634
195,0.000326772713582744
196,0.00022116247821433535
197,0.00032312773274201646
198,0.00022116247821433535
199,0.00021812436626979578
200,0.00032312773274201646
201,0.00021812436626979578
202,0.00021813723611939376
203,0.0003230902525793197
204,0.00021813723611939376
205,0.00032312773274201646
206,0.00021812436626979578
207,0.00021812436626979578
208,0.00021813723611939376
209,0.0003230902525793197
210,0.00021813723611939376
211,0.0003230902525793197
212,0.00021812436626979578
213,0.00032312773274201646
214,0.00032312773274201646
215,0.0003230902525793197
216,-1.2375669789429238e-05
217,-1.3911386522157532e-05
218,-1.0132300184004763e-06
219,3.08838498708667e-07
220,-1.3911386522157532e-05
221,-1.3917275185014567e-05
222,-1.5955487905659226e-05
223,-1.4028892720229693e-05
224,-1.3986603730330116e-05
225,-1.4018432426087954e-05
226,-1.4037654964476688e-05
227,-1.3926037429261562e-05
228,-1.4120324798231854e-05
229,-1.3994056355912697e-05
230,-1.4107450517260322e-05
231,-1.3994056355912697e-05
232,-1.3931459084650513e-05
233,-1.4037654964476688e-05
234,-1.4037654964476688e-05
235,-1.3911386522157532e-05
236,-1.4057727526969669e-05
237,-1.3911386522157532e-05
238,-1.4057727526969669e-05
239,-1.4037654964476688e-05
240,-1.3926037429261562e-05
241,-1.3981182074941165e-05
242,-1.4057727526969669e-05
243,3.254124923397955e-05
244,4.928199417536689e-06
245,3.6987431987420424e-06
246,4.689501964320736e-06
247,4.928199417536689e-06
248,4.905293135752825e-06
249,3.6942755762185416e-06
250,4.863242460021042e-06
251,4.924782443852049e-06
252,4.87370275416278e-06
253,4.854480215774048e-06
254,4.896530891505829e-06
255,4.833638146143546e-06
256,4.9073573479061865e-06
257,4.751889188596315e-06
258,4.9073573479061865e-06
259,4.893503467118587e-06
260,4.854480215774048e-06
261,4.854480215774048e-06
262,4.928199417536689e-06
263,4.7175827874756106e-06
264,4.928199417536689e-06
265,4.7175827874756106e-06
266,4.854480215774048e-06
267,4.896530891505829e-06
268,4.927809868239291e-06
269,4.7175827874756106e-06
270,1.147525241129916e-05
271,1.0551555878688483e-06
272,-4.6542908358073173e-07
273,9.624065162193284e-07
274,1.0551555878688483e-06
275,-2.806344184405556e-07
276,-2.0147410232481762e-06
277,4.7632085902382006e-07
278,-3.064856762218479e-07
279,4.6631459234189715e-07
280,4.6755861477682476e-07
281,-2.893966626875509e-07
282,2.5865513750707734e-07
283,8.462521105991009e-07
284,-9.321382814591776e-07
285,8.462521105991009e-07
286,-2.513410305422448e-07
287,4.6755861477682476e-07
288,4.6755861477682476e-07
289,1.0551555878688483e-06
290,-8.389380036342685e-07
291,1.0551555878688483e-06
292,-8.389380036342685e-07
293,4.6755861477682476e-07
294,-2.893966626875509e-07
295,-3.4454130836715397e-07
296,-8.389380036342685e-07
297,0.00036804275295074235
298,3.285543399500128e-05
299,3.329839059331742e-05
300,3.5890082241762395e-05
301,3.285543399500128e-05
302,0.0002550816528765797
303,0.00025539775371215343
304,3.600578148813704e-05
305,0.0002548262403267199
306,3.600578148813704e-05
307,3.271572069151609e-05
308,0.0002548262403267199
309,3.290326473997239e-05
310,3.304297804345758e-05
311,0.0002546865270232347
312,3.304297804345758e-05
313,0.0002548262403267199
314,3.271572069151609e-05
315,3.271572069151609e-05
316,3.285543399500128e-05
317,0.0002546865270232347
318,3.285543399500128e-05
319,0.0002546865270232347
320,3.271572069151609e-05
321,0.0002548262403267199
322,0.0002548262403267199
323,0.0002546865270232347
324,0.0002337145419862976
325,1.2006144268843369e-05
326,1.8316466364283016e-05
327,1.1985325586251642e-05
328,1.2006144268843369e-05
329,0.00015609991914333077
330,0.00015508377339264556
331,1.9413503476272892e-05
332,0.00014875696786122408
333,1.942396377041463e-05
334,1.2004856183423865e-05
335,0.00014872871630887787
336,1.190602860880139e-05
337,1.1907316694220893e-05
338,0.00014875870720019183
339,1.1907316694220893e-05
340,0.00014872568888449063
341,1.2004856183423865e-05
342,1.2004856183423865e-05
343,1.2006144268843369e-05
344,0.00014872440079907113
345,1.2006144268843369e-05
346,0.00014872440079907113
347,1.2004856183423865e-05
348,0.00014872871630887787
349,0.00014875999528561132
350,0.00014872440079907113
351,0.0001505730848846116
352,3.354795534877903e-06
353,6.902586870804296e-05
354,9.638601532584316e-06
355,3.354795534877903e-06
356,2.823163440887614e-05
357,5.688643959960966e-05
358,2.9691239893195468e-05
359,9.51100111869667e-06
360,3.741014844538148e-05
361,1.7479008073132857e-05
362,2.823163440887614e-05
363,8.326115341075475e-05
364,6.913694087249981e-05
365,5.577858584926285e-05
366,5.692470905243719e-05
367,2.0512725856690125e-05
368,2.9691239893195468e-05
369,1.7479008073132857e-05
370,3.354795534877903e-06
371,3.4636938394945094e-05
372,3.354795534877903e-06
373,4.684917021500769e-05
374,2.9691239893195468e-05
375,1.6019402588813547e-05
376,2.9442141490945283e-05
377,3.4636938394945094e-05
378,0.00016005016379151926
379,1.944522806589965e-05
380,8.9240978803824e-05
381,2.5814501290058607e-05
382,1.944522806589965e-05
383,3.1770917073113943e-05
384,3.170877025545051e-05
385,2.3484438404206398e-05
386,-8.28220320019353e-07
387,3.120334695639241e-05
388,-2.606297518810024e-06
389,2.773170673480719e-05
390,6.320627538679639e-05
391,8.525780097150604e-05
392,2.894221381687633e-05
393,6.320627538679639e-05
394,2.0012798182621178e-05
395,1.944522806589965e-05
396,-2.606297518810024e-06
397,1.944522806589965e-05
398,-2.0387274020884926e-06
399,1.944522806589965e-05
400,2.0012798182621178e-05
401,1.944522806589965e-05
402,5.680181150097521e-06
403,2.894221381687633e-05
404,-2.0387274020884926e-06
405,0.00017620576972069996
406,3.4879702244395436e-05
407,9.167057000585002e-05
408,3.2460381131706684e-05
409,3.4879702244395436e-05
410,3.832886496256866e-05
411,4.072348561846566e-05
412,3.490490296750195e-05
413,2.8543997083593554e-05
414,3.490490296750195e-05
415,2.266747042433284e-05
416,3.830366423946216e-05
417,7.94620407288391e-05
418,9.167427254890175e-05
419,4.0756228903656156e-05
420,7.94620407288391e-05
421,3.830366423946216e-05
422,3.4879702244395436e-05
423,2.266747042433284e-05
424,3.4879702244395436e-05
425,2.609143241939956e-05
426,3.4879702244395436e-05
427,3.830366423946216e-05
428,3.4879702244395436e-05
429,2.609143241939956e-05
430,4.0756228903656156e-05
431,2.609143241939956e-05
432,0.0002891120840868782
433,-6.643469476290575e-06
434,4.935239794971947e-05
435,-9.088679033499232e-06
436,-6.643469476290575e-06
437,0.00011951679413859309
438,0.00011772381904021503
439,-6.643469476290575e-06
440,0.0001136219812517625
441,-6.643469476290575e-06
442,-1.4990847027315158e-05
443,0.00011951679413859309
444,4.197778921812535e-05
445,5.032516676914994e-05
446,0.00012196935880278708
447,4.197778921812535e-05
448,0.00011951679413859309
449,-6.643469476290575e-06
450,-1.4990847027315158e-05
451,-6.643469476290575e-06
452,0.00011116941658756851
453,-6.643469476290575e-06
454,0.00011951679413859309
455,-6.643469476290575e-06
456,0.00011116941658756851
457,0.00012196935880278708
458,0.00011116941658756851
459,0.0001863061527086503
460,6.657635934958418e-05
461,8.112896282824447e-05
462,6.748481596003326e-05
463,6.657635934958418e-05
464,7.60298538884452e-05
465,7.57888801699686e-05
466,7.395663774853913e-05
467,6.870067207085093e-05
468,7.390554116717844e-05
469,6.657635934958418e-05
470,6.864957548949025e-05
471,7.278913123747977e-05
472,7.278913123747977e-05
473,6.864957548949025e-05
474,7.278913123747977e-05
475,6.870067207085093e-05
476,6.657635934958418e-05
477,6.657635934958418e-05
478,6.657635934958418e-05
479,6.870067207085093e-05
480,6.657635934958418e-05
481,6.870067207085093e-05
482,6.657635934958418e-05
483,6.864957548949025e-05
484,6.864957548949025e-05
485,6.870067207085093e-05
486,0.00024109621274022246
487,1.9112866603008266e-05
488,2.7115687936178425e-05
489,2.2133712905627255e-05
490,1.9112866603008266e-05
491,0.00016133660493808537
492,0.00016167577317769167
493,2.970240409002521e-05
494,0.00015384253369525388
495,2.9688602145883093e-05
496,1.9159882656290462e-05
497,0.00015382873175111175
498,1.9654830802486982e-05
499,1.9607814749204786e-05
500,0.0001537735463265136
501,1.9607814749204786e-05
502,0.00015384253369525388
503,1.9159882656290462e-05
504,1.9159882656290462e-05
505,1.9112866603008266e-05
506,0.00015378734827065573
507,1.9112866603008266e-05
508,0.00015378734827065573
509,1.9159882656290462e-05
510,0.00015382873175111175
511,0.00015382873175111175
512,0.00015378734827065573
513,6.371359708718344e-05
514,5.7402540345117365e-06
515,5.521498756035277e-06
516,8.54742326602318e-06
517,5.7402540345117365e-06
518,4.817640578742759e-06
519,4.299238744445472e-06
520,8.657396083200687e-06
521,4.820663611271913e-06
522,8.647389816518766e-06
523,5.613985592192581e-06
524,4.808878334495765e-06
525,5.603940818036876e-06
526,5.730209260356032e-06
527,4.6826098921766095e-06
528,5.730209260356032e-06
529,4.820663611271913e-06
530,5.613985592192581e-06
531,5.613985592192581e-06
532,5.7402540345117365e-06
533,4.694395168952758e-06
534,5.7402540345117365e-06
535,4.694395168952758e-06
536,5.613985592192581e-06
537,4.808878334495765e-06
538,4.808878334495765e-06
539,4.694395168952758e-06
540,2.481193903082476e-05
541,2.4828696394085532e-05
542,2.3201222881792815e-05
543,2.453932703020899e-05
544,2.4828696394085532e-05
545,2.36967408841391e-05
546,2.1879078278329922e-05
547,2.4456659124809204e-05
548,2.415283482544507e-05
549,2.441582272707199e-05
550,2.4828696394085532e-05
551,2.4080719450974392e-05
552,2.5707988872014303e-05
553,2.5707988872014303e-05
554,2.4111998427707854e-05
555,2.5707988872014303e-05
556,2.4121555848711607e-05
557,2.4828696394085532e-05
558,2.4828696394085532e-05
559,2.4828696394085532e-05
560,2.4121555848711607e-05
561,2.4828696394085532e-05
562,2.4121555848711607e-05
563,2.4828696394085532e-05
564,2.4080719450974392e-05
565,2.4111998427707854e-05
566,2.4121555848711607e-05
567,0.00013291778274432972
568,3.0663545126627636e-06
569,3.53847229976587e-06
570,5.876060181184818e-06
571,3.0663545126627636e-06
572,5.354922878574031e-06
573,4.591096478326633e-06
574,5.5955292294843174e-06
575,5.745107158097248e-06
576,5.596660015665562e-06
577,2.915609684958425e-06
578,5.738901445409321e-06
579,3.952140351124908e-06
580,4.1028851788292465e-06
581,5.588156617704983e-06
582,4.1028851788292465e-06
583,5.745107158097248e-06
584,2.915609684958425e-06
585,2.915609684958425e-06
586,3.0663545126627636e-06
587,5.5943623303929095e-06
588,3.0663545126627636e-06
589,5.5943623303929095e-06
590,2.915609684958425e-06
591,5.738901445409321e-06
592,5.738901445409321e-06
593,5.5943623303929095e-06
594,0.00036650007771871587
595,3.176658776304657e-05
596,0.00010434899129864735
597,3.809931910754637e-05
598,3.176658776304657e-05
599,0.00018664624193962507
600,0.00018840464168162568
601,3.954696988744125e-05
602,0.00016014522652505085
603,4.726587843962727e-05
604,1.9554355942983963e-05
605,0.00017886585981523036
606,8.533650128060585e-05
607,9.754873310066848e-05
608,0.00018007636689729953
609,8.533650128060585e-05
610,0.00017114695126304433
611,3.176658776304657e-05
612,1.9554355942983963e-05
613,3.176658776304657e-05
614,0.0001589347194429817
615,3.176658776304657e-05
616,0.00017114695126304433
617,3.176658776304657e-05
618,0.0001666536279951677
619,0.00018007636689729953
620,0.0001589347194429817
621,0.0003683148370986101
622,7.785957180894862e-05
623,0.00014156738594096278
624,8.313189510976582e-05
625,7.785957180894862e-05
626,0.0001543805539312826
627,0.00015340043000486677
628,7.785957180894862e-05
629,0.000136901978223228
630,8.557848036113464e-05
631,6.564733998888602e-05
632,0.0001543805539312826
633,0.00013032929863449077
634,0.00014254153045455343
635,0.0001568331185954766
636,0.00013032929863449077
637,0.0001466616453790966
638,7.785957180894862e-05
639,6.564733998888602e-05
640,7.785957180894862e-05
641,0.000134449413559034
642,7.785957180894862e-05
643,0.0001466616453790966
644,7.785957180894862e-05
645,0.00014216832211122
646,0.0001568331185954766
647,0.000134449413559034
648,0.00010802557518155649
649,-9.663809956526672e-06
650,5.7680214759164625e-05
651,8.640795000566323e-07
652,-9.663809956526672e-06
653,1.2785725155000101e-05
654,1.2724886081897863e-05
655,-6.21596830112305e-06
656,-1.7406096984334167e-05
657,1.5029402510629642e-06
658,-3.171533554123635e-05
659,1.236433715256152e-05
660,3.5424773920584185e-05
661,5.7476299505293806e-05
662,1.236433715256152e-05
663,3.5424773920584185e-05
664,4.645428600375507e-06
665,-9.663809956526672e-06
666,-3.171533554123635e-05
667,-9.663809956526672e-06
668,-1.7406096984334167e-05
669,-9.663809956526672e-06
670,4.645428600375507e-06
671,-9.663809956526672e-06
672,-9.687188432148151e-06
673,1.236433715256152e-05
674,-1.7406096984334167e-05
675,0.00016849690928845976
676,-8.150436934291552e-06
677,8.549114473627372e-05
678,1.422135053498341e-05
679,-8.150436934291552e-06
680,1.2751830414503705e-05
681,3.823178209970518e-05
682,2.992619761156008e-05
683,-1.5108847428301839e-05
684,3.76451061637461e-05
685,9.838629873001426e-06
686,9.574386749087599e-07
687,7.697873933482194e-05
688,5.898967252752895e-05
689,2.729388303322632e-05
690,5.064229497650437e-05
691,-6.7614698772772545e-06
692,1.818600742402601e-05
693,9.838629873001426e-06
694,-8.150436934291552e-06
695,1.1227596930015723e-05
696,-8.150436934291552e-06
697,1.9574974481040308e-05
698,1.818600742402601e-05
699,-7.389938876115824e-06
700,9.574386749087599e-07
701,1.1227596930015723e-05
702,3.002809228046499e-06
703,4.344641843786174e-06
704,4.59390354149868e-06
705,7.6218706741195925e-06
706,4.344641843786174e-06
707,-4.2290726557710154e-07
708,-7.229660226340053e-07
709,7.417645254375432e-06
710,-6.597212168169477e-07
711,7.653276753018874e-06
712,4.374234763367326e-06
713,-4.3166950982409854e-07
714,4.607785131903972e-06
715,4.578192212322819e-06
716,-4.020765902429459e-07
717,4.578192212322819e-06
718,-6.597212168169477e-07
719,4.374234763367326e-06
720,4.374234763367326e-06
721,4.344641843786174e-06
722,-6.301282972357959e-07
723,4.344641843786174e-06
724,-6.301282972357959e-07
725,4.374234763367326e-06
726,-4.3166950982409854e-07
727,-4.3166950982409854e-07
728,-6.301282972357959e-07
729,0.00015937762036213627
730,7.068258451432399e-05
731,9.17370393948147e-05
732,8.537426858600963e-05
733,7.068258451432399e-05
734,7.06384900340764e-05
735,7.036396480871404e-05
736,7.051593391338574e-05
737,7.081894257915677e-05
738,7.050213196924361e-05
739,7.068258451432399e-05
740,7.080514063501464e-05
741,7.719820397992517e-05
742,7.719820397992517e-05
743,7.080514063501464e-05
744,7.719820397992517e-05
745,7.081894257915677e-05
746,7.068258451432399e-05
747,7.068258451432399e-05
748,7.068258451432399e-05
749,7.081894257915677e-05
750,7.068258451432399e-05
751,7.081894257915677e-05
752,7.068258451432399e-05
753,7.080514063501464e-05
754,7.080514063501464e-05
755,7.081894257915677e-05
756,8.397205562977063e-05
757,1.1787995919397683e-05
758,8.679666204823225e-06
759,1.1522401709531319e-05
760,1.1787995919397683e-05
761,1.3541805569356089e-05
762,1.1652286596959506e-05
763,1.173444639611078e-05
764,1.3528451899097237e-05
765,1.1783706544891091e-05
766,1.1825497520311844e-05
767,1.3632856693557151e-05
768,1.127875103079674e-05
769,1.124124942988258e-05
770,1.3615213648791708e-05
771,1.124124942988258e-05
772,1.3583596544776842e-05
773,1.1825497520311844e-05
774,1.1825497520311844e-05
775,1.1787995919397683e-05
776,1.3621098145691002e-05
777,1.1787995919397683e-05
778,1.3621098145691002e-05
779,1.1825497520311844e-05
780,1.3632856693557151e-05
781,1.3577712047877548e-05
782,1.3621098145691002e-05
783,3.4638902422128475e-05
784,-1.3766324347642535e-06
785,-4.0304927787240985e-06
786,-1.6587011560165767e-06
787,-1.3766324347642535e-06
788,9.54999056176844e-06
789,1.0819990613572514e-05
790,-1.2347770009302489e-06
791,9.642559963129796e-06
792,-1.3879602039258661e-06
793,-1.2402461568849018e-06
794,9.544521405813787e-06
795,-1.6454399643156012e-06
796,-1.7818262421949528e-06
797,9.625763038013533e-06
798,-1.7818262421949528e-06
799,9.697704608809401e-06
800,-1.2402461568849018e-06
801,-1.2402461568849018e-06
802,-1.3766324347642535e-06
803,9.834090886688754e-06
804,-1.3766324347642535e-06
805,9.834090886688754e-06
806,-1.2402461568849018e-06
807,9.544521405813787e-06
808,9.489376760134182e-06
809,9.834090886688754e-06
810,3.307687419772319e-05
811,2.6369798843168967e-05
812,2.630715761076994e-05
813,2.6292565675929877e-05
814,2.6369798843168967e-05
815,4.205237045079568e-05
816,4.200087245166306e-05
817,2.6355186909767426e-05
818,4.199408784865565e-05
819,2.6421049303558042e-05
820,2.6355186909767426e-05
821,4.205237045079568e-05
822,2.6435641238398104e-05
823,2.6450253171799645e-05
824,4.203775851739414e-05
825,2.6450253171799645e-05
826,4.199408784865565e-05
827,2.6355186909767426e-05
828,2.6355186909767426e-05
829,2.6369798843168967e-05
830,4.197947591525411e-05
831,2.6369798843168967e-05
832,4.197947591525411e-05
833,2.6355186909767426e-05
834,4.205237045079568e-05
835,4.205237045079568e-05
836,4.197947591525411e-05
837,0.00012504856631174102
838,2.494570228938584e-05
839,2.3013425626372147e-05
840,2.32660825108322e-05
841,2.494570228938584e-05
842,4.49996520171438e-05
843,4.446973093557415e-05
844,2.4311263273885723e-05
845,4.701009388017787e-05
846,2.2675320144587075e-05
847,2.4720907586738613e-05
848,4.53836305839791e-05
849,2.3115731477005318e-05
850,2.3340526179652546e-05
851,4.515883588133187e-05
852,2.3340526179652546e-05
853,4.701009388017787e-05
854,2.4720907586738613e-05
855,2.4720907586738613e-05
856,2.494570228938584e-05
857,4.6785299177530636e-05
858,2.494570228938584e-05
859,4.6785299177530636e-05
860,2.4720907586738613e-05
861,4.53836305839791e-05
862,4.53836305839791e-05
863,4.6785299177530636e-05
864,0.0003211858443042962
865,7.288899355384525e-06
866,8.477507653145033e-05
867,1.3621630699884334e-05
868,7.288899355384525e-06
869,0.00016869261594805687
870,0.0001720943300278834
871,1.8871820240314258e-05
872,0.00012833829715363536
873,2.6590728792500274e-05
874,-1.4974097083990343e-05
875,0.00015689822420846192
876,5.077983517014396e-05
877,7.304283160951882e-05
878,0.00015789726043586585
879,5.099130602480916e-05
880,0.00014917931565627593
881,7.077428500719331e-06
882,-1.4974097083990343e-05
883,7.288899355384525e-06
884,0.00012691631921690104
885,7.288899355384525e-06
886,0.00014896784480161073
887,7.077428500719331e-06
888,0.00013484669862375224
889,0.00015810873129053104
890,0.00012691631921690104
891,6.775386757398169e-05
892,1.1509118461617626e-05
893,1.5792193522104677e-05
894,1.0723949370742469e-05
895,1.1509118461617626e-05
896,1.8999709682998307e-05
897,2.064154985549902e-05
898,1.8702396603948435e-05
899,1.1673761925937315e-05
900,1.8601996880876926e-05
901,1.1319252471936577e-05
902,1.1628506848545411e-05
903,1.0166010354579897e-05
904,1.0355876344260945e-05
905,1.138349621318476e-05
906,1.0355876344260945e-05
907,1.1728906571616919e-05
908,1.1319252471936577e-05
909,1.1319252471936577e-05
910,1.1509118461617626e-05
911,1.153904058193587e-05
912,1.1509118461617626e-05
913,1.153904058193587e-05
914,1.1319252471936577e-05
915,1.1628506848545411e-05
916,1.1573362202865808e-05
917,1.153904058193587e-05
918,8.100913904152154e-05
919,5.201532733955688e-06
920,3.680634838151018e-06
921,4.859278707046958e-06
922,5.201532733955688e-06
923,5.003906006748775e-06
924,6.858482712057718e-06
925,5.1900683600837056e-06
926,5.019003933977795e-06
927,5.106053303121298e-06
928,5.2002446485361845e-06
929,4.990133522694992e-06
930,5.2347943351639175e-06
931,5.236082420583421e-06
932,4.933700791595884e-06
933,5.236082420583421e-06
934,5.0741485796574e-06
935,5.2002446485361845e-06
936,5.2002446485361845e-06
937,5.201532733955688e-06
938,5.072860494237896e-06
939,5.201532733955688e-06
940,5.072860494237896e-06
941,5.2002446485361845e-06
942,4.990133522694992e-06
943,4.934988877015388e-06
944,5.072860494237896e-06
945,0.00010592940750665622
946,2.0672015972962854e-06
947,2.6312971115497295e-07
948,1.745422970576993e-06
949,2.0672015972962854e-06
950,2.1247569758880817e-06
951,4.258204254524969e-06
952,1.7617605212870445e-06
953,2.262586908040681e-06
954,1.747958577144925e-06
955,1.9409331549771293e-06
956,2.3039296095781654e-06
957,1.8617112185623057e-06
958,1.987979660881462e-06
959,2.1225165215794045e-06
960,1.987979660881462e-06
961,2.3177315537202858e-06
962,1.9409331549771293e-06
963,1.9409331549771293e-06
964,2.0672015972962854e-06
965,2.191463111401129e-06
966,2.0672015972962854e-06
967,2.191463111401129e-06
968,1.9409331549771293e-06
969,2.3039296095781654e-06
970,2.2487849638985607e-06
971,2.191463111401129e-06
972,9.555091320271185e-05
973,3.686728181576413e-05
974,3.4771511486177844e-05
975,3.6549356192897096e-05
976,3.686728181576413e-05
977,3.305262045596555e-05
978,3.509202993700942e-05
979,3.652483746606895e-05
980,3.3416166292372816e-05
981,3.6490125550817374e-05
982,3.689687473534528e-05
983,3.343659902280085e-05
984,3.671841296901525e-05
985,3.66888200494341e-05
986,3.34110472967024e-05
987,3.66888200494341e-05
988,3.347131093805242e-05
989,3.689687473534528e-05
990,3.689687473534528e-05
991,3.686728181576413e-05
992,3.350090385763357e-05
993,3.686728181576413e-05
994,3.350090385763357e-05
995,3.689687473534528e-05
996,3.343659902280085e-05
997,3.3381454377121246e-05
998,3.350090385763357e-05
999,0.00017837163899446967
1000,2.2071152405805667e-05
1001,9.217916692414198e-05
1002,2.6046957525284015e-05
1003,2.2071152405805667e-05
1004,3.5614071308219524e-05
1005,3.3990925295077346e-05
1006,3.008174635695369e-05
1007,2.3457981524801278e-05
1008,3.4172097543544304e-05
1009,2.2071152405805667e-05
1010,2.76034773570715e-05
1011,8.549039210558091e-05
1012,8.549039210558091e-05
1013,2.7548332711391896e-05
1014,8.549039210558091e-05
1015,2.3513126170480883e-05
1016,2.2071152405805667e-05
1017,2.2071152405805667e-05
1018,2.2071152405805667e-05
1019,2.3513126170480883e-05
1020,2.2071152405805667e-05
1021,2.3513126170480883e-05
1022,2.2071152405805667e-05
1023,2.76034773570715e-05
1024,2.7548332711391896e-05
1025,2.3513126170480883e-05
1026,9.746526656820008e-05
1027,2.611584589680511e-07
1028,1.0222317701436868e-05
1029,3.8093924197080713e-06
1030,2.611584589680511e-07
1031,1.547865816188211e-05
1032,1.5919859761499165e-05
1033,7.627323054323785e-06
1034,4.186932366184526e-06
1035,1.14831276755845e-05
1036,2.4654652556651235e-07
1037,8.097881633124841e-06
1038,4.3722005332579795e-06
1039,4.386812466659518e-06
1040,8.028125054043701e-06
1041,4.386812466659518e-06
1042,4.242077011864127e-06
1043,2.4654652556651235e-07
1044,2.4654652556651235e-07
1045,2.611584589680511e-07
1046,4.227465078462589e-06
1047,2.611584589680511e-07
1048,4.227465078462589e-06
1049,2.4654652556651235e-07
1050,8.097881633124841e-06
1051,8.04273698744524e-06
1052,4.227465078462589e-06
1053,5.798167190476502e-05
1054,-1.910311574261351e-06
1055,-2.9639141866448467e-06
1056,9.7073857700956e-07
1057,-1.910311574261351e-06
1058,-1.3377852847845665e-07
1059,6.620906668414832e-06
1060,7.003156246874052e-07
1061,2.1922257565373473e-07
1062,7.661780184780214e-07
1063,-1.923181423859313e-06
1064,2.800463306915626e-07
1065,-2.3408250268363455e-06
1066,-2.3279551772383838e-06
1067,2.425661679948095e-07
1068,-2.3279551772383838e-06
1069,2.1922257565373473e-07
1070,-1.923181423859313e-06
1071,-1.923181423859313e-06
1072,-1.910311574261351e-06
1073,1.8174241295698163e-07
1074,-1.910311574261351e-06
1075,1.8174241295698163e-07
1076,-1.923181423859313e-06
1077,2.800463306915626e-07
1078,2.800463306915626e-07
1079,1.8174241295698163e-07
1080,4.759056665244479e-05
1081,2.1666685410072353e-05
1082,1.9888336266612794e-05
1083,2.13223567875433e-05
1084,2.1666685410072353e-05
1085,3.7781388884535295e-05
1086,3.619066175550089e-05
1087,2.1666685410072353e-05
1088,3.7739601480577556e-05
1089,2.166076103810499e-05
1090,2.1666685410072353e-05
1091,3.7781388884535295e-05
1092,2.1434013582649198e-05
1093,2.1434013582649198e-05
1094,3.772624423885569e-05
1095,2.1434013582649198e-05
1096,3.779474612625716e-05
1097,2.1666685410072353e-05
1098,2.1666685410072353e-05
1099,2.1666685410072353e-05
1100,3.779474612625716e-05
1101,2.1666685410072353e-05
1102,3.779474612625716e-05
1103,2.1666685410072353e-05
1104,3.7781388884535295e-05
1105,3.772624423885569e-05
1106,3.779474612625716e-05
1107,9.482600067094244e-05
1108,3.199563671350462e-06
1109,7.481023291922625e-05
1110,1.64237852932799e-05
1111,3.199563671350462e-06
1112,6.930630744418585e-06
1113,6.885701035421631e-06
1114,1.3132037188384344e-05
1115,-2.7275201010115917e-05
1116,2.0850945740570356e-05
1117,-1.8853249998778712e-05
1118,2.495233126779756e-06
1119,4.831507254652942e-05
1120,7.036788621665857e-05
1121,2.4939450413602518e-06
1122,4.831636063194892e-05
1123,-5.223675425406257e-06
1124,3.198275585930958e-06
1125,-1.8853249998778712e-05
1126,3.199563671350462e-06
1127,-2.7276489095535422e-05
1128,3.199563671350462e-06
1129,-5.2249635108257605e-06
1130,3.198275585930958e-06
1131,-1.9556292457929907e-05
1132,2.495233126779756e-06
1133,-2.7276489095535422e-05
1134,0.00014902881032280806
1135,-2.5557489178956283e-05
1136,6.012126576711494e-05
1137,-7.288975968848514e-07
1138,-2.5557489178956283e-05
1139,2.3454123895530102e-05
1140,2.3752868367946708e-05
1141,-1.846485751840268e-05
1142,-1.0751707859004401e-05
1143,-1.0745948966216666e-05
1144,-4.7986428967512286e-05
1145,1.9018726277891275e-05
1146,1.9181893577795835e-05
1147,4.1610833366351835e-05
1148,1.8641312074044944e-05
1149,1.955930778164217e-05
1150,1.1299817725705265e-05
1151,-2.5934903382802618e-05
1152,-4.7986428967512286e-05
1153,-2.5557489178956283e-05
1154,-1.1129122062850736e-05
1155,-2.5557489178956283e-05
1156,1.0922403521858934e-05
1157,-2.5934903382802618e-05
1158,-3.032799306818388e-06
1159,1.9018726277891275e-05
1160,-1.1129122062850736e-05
1161,7.751627608288281e-05
1162,-3.908104562315154e-06
1163,5.795818727080309e-05
1164,-1.457905970688898e-07
1165,-3.908104562315154e-06
1166,9.108263487581558e-07
1167,3.4258718083823963e-06
1168,-3.3710259948887464e-06
1169,-1.541445102257334e-05
1170,6.988586308782115e-07
1171,-1.5565620235113412e-05
1172,9.284639285960989e-07
1173,4.7863580471822714e-05
1174,5.9521096144620966e-05
1175,1.428035430180847e-06
1176,4.730886432455836e-05
1177,-3.1470745568311277e-06
1178,-3.3533884150508024e-06
1179,-1.5565620235113412e-05
1180,-3.908104562315154e-06
1181,-1.4804590229629387e-05
1182,-3.908104562315154e-06
1183,-2.592358409566776e-06
1184,-3.3533884150508024e-06
1185,-1.1283767891466512e-05
1186,8.733192829164958e-07
1187,-1.4804590229629387e-05
1188,0.00018903085689820335
1189,2.758961483531491e-05
1190,2.6982061398267103e-05
1191,3.0416563014258812e-05
1192,2.758961483531491e-05
1193,0.00017140582183685314
1194,0.0001718654221783729
1195,3.0311663754341046e-05
1196,0.00017199750047150567
1197,3.0103963686523836e-05
1198,2.7649052776856262e-05
1199,0.00017178980040368847
1200,2.7413536609084787e-05
1201,2.7354098667543434e-05
1202,0.00017184923834522982
1203,2.7354098667543434e-05
1204,0.00017199750047150567
1205,2.7649052776856262e-05
1206,2.7649052776856262e-05
1207,2.758961483531491e-05
1208,0.00017205693841304702
1209,2.758961483531491e-05
1210,0.00017205693841304702
1211,2.7649052776856262e-05
1212,0.00017178980040368847
1213,0.00017178980040368847
1214,0.00017205693841304702
1215,8.203777269734574e-05
1216,-4.347580333576712e-06
1217,-4.904597204464562e-06
1218,-4.615147749275114e-06
1219,-4.347580333576712e-06
1220,2.3426701926277772e-05
1221,2.572643224101136e-05
1222,-4.746773078827125e-06
1223,2.348444822232481e-05
1224,-4.797086505119669e-06
1225,-4.746773078827125e-06
1226,2.3426701926277772e-05
1227,-4.794532569041898e-06
1228,-4.395339823791485e-06
1229,2.300289886792857e-05
1230,-4.395339823791485e-06
1231,2.348444822232481e-05
1232,-4.746773078827125e-06
1233,-4.746773078827125e-06
1234,-4.347580333576712e-06
1235,2.3060645163975608e-05
1236,-4.347580333576712e-06
1237,2.3060645163975608e-05
1238,-4.746773078827125e-06
1239,2.3426701926277772e-05
1240,2.3426701926277772e-05
1241,2.3060645163975608e-05
1242,9.798296171684848e-05
1243,2.281196197791719e-05
1244,2.3767662061631183e-05
1245,2.2862524380934805e-05
1246,2.281196197791719e-05
1247,2.2159618914143527e-05
1248,2.4766405369581736e-05
1249,2.216823969688946e-05
1250,2.2438935232549628e-05
1251,2.227290194531865e-05
1252,2.2600491123251998e-05
1253,2.2543597480978817e-05
1254,2.3922114164567684e-05
1255,2.4133585019232877e-05
1256,2.2332126626313624e-05
1257,2.4133585019232877e-05
1258,2.2438935232549628e-05
1259,2.2600491123251998e-05
1260,2.2600491123251998e-05
1261,2.281196197791719e-05
1262,2.2227464377884435e-05
1263,2.281196197791719e-05
1264,2.2227464377884435e-05
1265,2.2600491123251998e-05
1266,2.2543597480978817e-05
1267,2.2543597480978817e-05
1268,2.2227464377884435e-05
1269,-2.526732703636454e-06
1270,5.9086967577886434e-06
1271,6.063586390859859e-06
1272,8.732905322679825e-06
1273,5.9086967577886434e-06
1274,-2.343639736779069e-06
1275,5.91247168240047e-07
1276,8.691057921862497e-06
1277,-2.4465279695336713e-06
1278,8.756920315653113e-06
1279,5.895826908190682e-06
1280,-2.388098445497551e-06
1281,5.998683966396185e-06
1282,6.0115538159941465e-06
1283,-2.4255786081943047e-06
1284,6.0115538159941465e-06
1285,-2.4465279695336713e-06
1286,5.895826908190682e-06
1287,5.895826908190682e-06
1288,5.9086967577886434e-06
1289,-2.484008132230425e-06
1290,5.9086967577886434e-06
1291,-2.484008132230425e-06
1292,5.895826908190682e-06
1293,-2.388098445497551e-06
1294,-2.388098445497551e-06
1295,-2.484008132230425e-06
1296,0.0001084192321246494
1297,3.0630032447730193e-06
1298,1.8220035797980166e-05
1299,1.75621517647629e-05
1300,3.0630032447730193e-06
1301,3.200426116814899e-07
1302,-8.938755693913053e-08
1303,3.2900331067474023e-06
1304,5.306906011187432e-07
1305,2.742781227583213e-06
1306,3.007630769081335e-06
1307,-1.656127804544598e-08
1308,2.727457481346601e-06
1309,2.7828299570382855e-06
1310,3.270152707157616e-07
1311,2.7828299570382855e-06
1312,5.306906011187432e-07
1313,3.007630769081335e-06
1314,3.007630769081335e-06
1315,3.0630032447730193e-06
1316,8.742671498799508e-07
1317,3.0630032447730193e-06
1318,8.742671498799508e-07
1319,3.007630769081335e-06
1320,-1.656127804544598e-08
1321,-1.656127804544598e-08
1322,8.742671498799508e-07
1323,5.3260626246214264e-05
1324,4.554357018643015e-06
1325,9.440707314127913e-06
1326,4.31274346653432e-06
1327,4.554357018643015e-06
1328,1.1804899908894333e-05
1329,9.211586823870254e-06
1330,1.187674465047591e-05
1331,4.3403987415048625e-06
1332,1.1918344805982669e-05
1333,4.508988284272804e-06
1334,4.437143542691222e-06
1335,4.490830616286897e-06
1336,4.536199350657108e-06
1337,4.3120198495426185e-06
1338,4.536199350657108e-06
1339,4.395543387184464e-06
1340,4.508988284272804e-06
1341,4.508988284272804e-06
1342,4.554357018643015e-06
1343,4.325564339715462e-06
1344,4.554357018643015e-06
1345,4.325564339715462e-06
1346,4.508988284272804e-06
1347,4.437143542691222e-06
1348,4.381998897011621e-06
1349,4.325564339715462e-06
1350,0.00019327405031503302
1351,2.1782178536232702e-05
1352,2.178743929507927e-05
1353,2.4777259731559492e-05
1354,2.1782178536232702e-05
1355,0.0001857683169173779
1356,0.00018639743938860488
1357,2.5240961178293874e-05
1358,0.00018583421313201237
1359,2.5206692673328094e-05
1360,2.2202849233754304e-05
1361,0.00018575955467313093
1362,2.219934774835387e-05
1363,2.177867705083227e-05
1364,0.00018618022537065252
1365,2.177867705083227e-05
1366,0.00018583421313201237
1367,2.2202849233754304e-05
1368,2.2202849233754304e-05
1369,2.1782178536232702e-05
1370,0.00018625488382953396
1371,2.1782178536232702e-05
1372,0.00018625488382953396
1373,2.2202849233754304e-05
1374,0.00018575955467313093
1375,0.00018575955467313093
1376,0.00018625488382953396
1377,0.00012649716955731696
1378,1.7376220524707132e-05
1379,3.538650567256209e-05
1380,3.037074693604186e-05
1381,1.7376220524707132e-05
1382,2.199503765765051e-05
1383,2.4404528787211127e-05
1384,2.6273108479093557e-05
1385,1.6186847598354117e-05
1386,2.465815479051928e-05
1387,1.8905352112890453e-05
1388,1.462728129144741e-05
1389,1.70940785368449e-05
1390,1.556494694866158e-05
1391,1.6101268233951124e-05
1392,1.556494694866158e-05
1393,1.6241992244033722e-05
1394,1.8905352112890453e-05
1395,1.8905352112890453e-05
1396,1.7376220524707132e-05
1397,1.7771123832217043e-05
1398,1.7376220524707132e-05
1399,1.7771123832217043e-05
1400,1.8905352112890453e-05
1401,1.462728129144741e-05
1402,1.4572136645767804e-05
1403,1.7771123832217043e-05
1404,0.00011036612688019436
1405,8.928050883555827e-06
1406,3.0721982128783966e-05
1407,2.350401963930996e-05
1408,8.928050883555827e-06
1409,1.6038016727099975e-05
1410,1.9558781995109676e-05
1411,1.6262700162119913e-05
1412,8.721417112100276e-06
1413,1.6221863764382698e-05
1414,8.955355707244367e-06
1415,8.680580714363061e-06
1416,8.645770703181173e-06
1417,8.618465879492634e-06
1418,8.7078855380516e-06
1419,8.618465879492634e-06
1420,8.721417112100276e-06
1421,8.955355707244367e-06
1422,8.955355707244367e-06
1423,8.928050883555827e-06
1424,8.748721935788816e-06
1425,8.928050883555827e-06
1426,8.748721935788816e-06
1427,8.955355707244367e-06
1428,8.680580714363061e-06
1429,8.680580714363061e-06
1430,8.748721935788816e-06
1431,5.147631071328778e-05
1432,4.141109305844182e-06
1433,1.9413429255565804e-06
1434,4.348917254493445e-06
1435,4.141109305844182e-06
1436,2.8073349802678687e-06
1437,6.631890783571453e-07
1438,4.299702689136572e-06
1439,2.74346102350496e-06
1440,4.306859889739413e-06
1441,4.2909404448895765e-06
1442,2.798572736020875e-06
1443,4.061795767425416e-06
1444,3.911964628380021e-06
1445,2.8932592293866647e-06
1446,3.911964628380021e-06
1447,2.798605669184565e-06
1448,4.2909404448895765e-06
1449,4.2909404448895765e-06
1450,4.141109305844182e-06
1451,2.9484368082299594e-06
1452,4.141109305844182e-06
1453,2.9484368082299594e-06
1454,4.2909404448895765e-06
1455,2.798572736020875e-06
1456,2.7434280903412703e-06
1457,2.9484368082299594e-06
1458,8.186859009550643e-05
1459,3.882910201446224e-05
1460,3.6941845215709824e-05
1461,3.8734444654138026e-05
1462,3.882910201446224e-05
1463,3.72487042285922e-05
1464,3.824363777998215e-05
1465,3.936543357889335e-05
1466,3.661562440220394e-05
1467,3.9383727832359356e-05
1468,3.880603538763866e-05
1469,3.6689306037337515e-05
1470,3.8597582185648875e-05
1471,3.862064881247246e-05
1472,3.658648445173554e-05
1473,3.862064881247246e-05
1474,3.667076904788354e-05
1475,3.880603538763866e-05
1476,3.880603538763866e-05
1477,3.882910201446224e-05
1478,3.662309210796117e-05
1479,3.882910201446224e-05
1480,3.662309210796117e-05
1481,3.880603538763866e-05
1482,3.6689306037337515e-05
1483,3.6634161391657913e-05
1484,3.662309210796117e-05
1485,0.00016377270060243654
1486,5.489501397782801e-06
1487,1.0522607069808978e-05
1488,5.463247483992421e-06
1489,5.489501397782801e-06
1490,8.874761208534424e-05
1491,8.645678818484752e-05
1492,1.2881554221600776e-05
1493,8.132144446027151e-05
1494,1.2888711422203617e-05
1495,5.4984100895889185e-06
1496,8.137640925089134e-05
1497,5.386792176782443e-06
1498,5.377883484976325e-06
1499,8.133017329701784e-05
1500,5.377883484976325e-06
1501,8.137658910595113e-05
1502,5.4984100895889185e-06
1503,5.4984100895889185e-06
1504,5.489501397782801e-06
1505,8.138549779775725e-05
1506,5.489501397782801e-06
1507,8.138549779775725e-05
1508,5.4984100895889185e-06
1509,8.137640925089134e-05
1510,8.132126460521173e-05
1511,8.138549779775725e-05
1512,-3.0759887004058083e-06
1513,-2.1468967361081235e-06
1514,-2.24548765928476e-06
1515,7.158148025718405e-07
1516,-2.1468967361081235e-06
1517,-2.0286115505820685e-07
1518,2.8320022597789984e-06
1519,9.248764576303643e-07
1520,-2.041835483301524e-07
1521,9.353367517721029e-07
1522,-2.183287210913741e-06
1523,-2.013030458390052e-07
1524,-2.1020330168477994e-06
1525,-2.065642542042182e-06
1526,-2.623038337434144e-07
1527,-2.065642542042182e-06
1528,-2.041835483301524e-07
1529,-2.183287210913741e-06
1530,-2.183287210913741e-06
1531,-2.1468967361081235e-06
1532,-2.651843362345616e-07
1533,-2.1468967361081235e-06
1534,-2.651843362345616e-07
1535,-2.183287210913741e-06
1536,-2.013030458390052e-07
1537,-2.013030458390052e-07
1538,-2.651843362345616e-07
1539,5.6686271010826735e-05
1540,-2.060998101649542e-06
1541,-2.147604277975679e-06
1542,-2.139540261613355e-06
1543,-2.060998101649542e-06
1544,7.518075604441685e-07
1545,2.856914653463089e-07
1546,-2.2085150378367757e-06
1547,7.389920201847382e-07
1548,-2.198054743695037e-06
1549,-2.122295415153026e-06
1550,7.430453161971732e-07
1551,-2.2236432485513485e-06
1552,-2.162345935047865e-06
1553,6.817480026936895e-07
1554,-2.162345935047865e-06
1555,7.389920201847382e-07
1556,-2.122295415153026e-06
1557,-2.122295415153026e-06
1558,-2.060998101649542e-06
1559,6.776947066812546e-07
1560,-2.060998101649542e-06
1561,6.776947066812546e-07
1562,-2.122295415153026e-06
1563,7.430453161971732e-07
1564,7.430453161971732e-07
1565,6.776947066812546e-07
1566,6.376568284124047e-05
1567,1.932583017956381e-06
1568,1.3598485557943244e-06
1569,4.560534811371194e-06
1570,1.932583017956381e-06
1571,-1.3669566853676793e-06
1572,1.7927701382279828e-06
1573,4.620709317024035e-06
1574,-1.2028027589531757e-06
1575,4.4919093926603235e-06
1576,1.9089928249902485e-06
1577,-1.3279008724481315e-06
1578,1.3693347629225487e-06
1579,1.392924955888681e-06
1580,-1.3514910654142637e-06
1581,1.392924955888681e-06
1582,-1.2028027589531757e-06
1583,1.9089928249902485e-06
1584,1.9089928249902485e-06
1585,1.932583017956381e-06
1586,-1.226392951919308e-06
1587,1.932583017956381e-06
1588,-1.226392951919308e-06
1589,1.9089928249902485e-06
1590,-1.3279008724481315e-06
1591,-1.3279008724481315e-06
1592,-1.226392951919308e-06
1593,5.0903504878137836e-05
1594,1.0345490120324229e-05
1595,1.018345725995497e-05
1596,1.0114014969597844e-05
1597,1.0345490120324229e-05
1598,8.243433529223522e-06
1599,1.1514937672243558e-05
1600,1.0163310451020322e-05
1601,8.427713835483993e-06
1602,1.0168523131916127e-05
1603,1.0332645517792079e-05
1604,8.432926516379799e-06
1605,1.0537767871384103e-05
1606,1.0550612473916253e-05
1607,8.401314137991993e-06
1608,1.0550612473916253e-05
1609,8.427713835483993e-06
1610,1.0332645517792079e-05
1611,1.0332645517792079e-05
1612,1.0345490120324229e-05
1613,8.396101457096187e-06
1614,1.0345490120324229e-05
1615,8.396101457096187e-06
1616,1.0332645517792079e-05
1617,8.432926516379799e-06
1618,8.432926516379799e-06
1619,8.396101457096187e-06
1620,2.403346190797082e-06
1621,4.399549175250115e-06
1622,4.124254956752973e-06
1623,7.473935125358084e-06
1624,4.399549175250115e-06
1625,4.008540592002089e-06
1626,8.84074869275063e-06
1627,8.749454745639084e-06
1628,4.154837743020961e-06
1629,8.782330228310295e-06
1630,5.9286807634334355e-06
1631,4.187713225692174e-06
1632,5.790995327085347e-06
1633,4.261863738902026e-06
1634,5.716844813875495e-06
1635,4.261863738902026e-06
1636,4.154837743020961e-06
1637,5.9286807634334355e-06
1638,5.9286807634334355e-06
1639,4.399549175250115e-06
1640,5.683969331204282e-06
1641,4.399549175250115e-06
1642,5.683969331204282e-06
1643,5.9286807634334355e-06
1644,4.187713225692174e-06
1645,4.187713225692174e-06
1646,5.683969331204282e-06
1647,0.00022093334193196398
1648,0.0002088382189693896
1649,0.00021435306223947464
1650,0.00020838435837979949
1651,0.0002088382189693896
1652,0.00021687630790747338
1653,0.00021506487094857064
1654,0.0002159099266718297
1655,0.00020973236092452366
1656,0.0002157022266040125
1657,0.0002086134242667424
1658,0.00020957980550238606
1659,0.0002083649579775466
1660,0.00020858975268019382
1661,0.00020929986615405923
1662,0.00020858975268019382
1663,0.00020978750557020326
1664,0.0002086134242667424
1665,0.0002086134242667424
1666,0.0002088382189693896
1667,0.00020956271086755603
1668,0.0002088382189693896
1669,0.00020956271086755603
1670,0.0002086134242667424
1671,0.00020957980550238606
1672,0.00020952466085670646
1673,0.00020956271086755603
1674,0.00012640006506253163
1675,1.008230296714255e-05
1676,8.341813317312697e-06
1677,9.982933729565912e-06
1678,1.008230296714255e-05
1679,1.0543512854056578e-05
1680,1.603197236452882e-05
1681,9.711304738659976e-06
1682,1.0898119320972761e-05
1683,9.697472498538448e-06
1684,1.00694583646104e-05
1685,1.0941258242607853e-05
1686,1.0059691662219684e-05
1687,1.0072536264751834e-05
1688,1.0854501218540442e-05
1689,1.0072536264751834e-05
1690,1.0953263966652366e-05
1691,1.00694583646104e-05
1692,1.00694583646104e-05
1693,1.008230296714255e-05
1694,1.092165158826456e-05
1695,1.008230296714255e-05
1696,1.092165158826456e-05
1697,1.00694583646104e-05
1698,1.0941258242607853e-05
1699,1.0886113596928248e-05
1700,1.092165158826456e-05
1701,6.348608444092914e-06
1702,3.801311260591591e-06
1703,3.301794081636178e-06
1704,3.51480393564274e-06
1705,3.801311260591591e-06
1706,1.468139358261662e-06
1707,4.8628117778108385e-06
1708,3.542992566700027e-06
1709,1.655879441135182e-06
1710,3.5370681947326657e-06
1711,3.8042139375033256e-06
1712,1.6423017521449576e-06
1713,3.720280673505218e-06
1714,3.7173779965934834e-06
1715,1.645204429056692e-06
1716,3.7173779965934834e-06
1717,1.655879441135182e-06
1718,3.8042139375033256e-06
1719,3.8042139375033256e-06
1720,3.801311260591591e-06
1721,1.6587821180469163e-06
1722,3.801311260591591e-06
1723,1.6587821180469163e-06
1724,3.8042139375033256e-06
1725,1.6423017521449576e-06
1726,1.6423017521449576e-06
1727,1.6587821180469163e-06
1728,0.00013886701580856668
1729,1.1572046333687474e-05
1730,1.1381438781625698e-05
1731,1.4442819665206007e-05
1732,1.1572046333687474e-05
1733,3.391070319898014e-05
1734,3.3342655375410246e-05
1735,1.4470348743432387e-05
1736,3.3960049451222116e-05
1737,1.4488870830412693e-05
1738,1.1391456484022934e-05
1739,3.3901940954733137e-05
1740,1.1409965458338395e-05
1741,1.1590555308002934e-05
1742,3.3721351105068594e-05
1743,1.1590555308002934e-05
1744,3.3960049451222116e-05
1745,1.1391456484022934e-05
1746,1.1391456484022934e-05
1747,1.1572046333687474e-05
1748,3.377945960155757e-05
1749,1.1572046333687474e-05
1750,3.377945960155757e-05
1751,1.1391456484022934e-05
1752,3.3901940954733137e-05
1753,3.3901940954733137e-05
1754,3.377945960155757e-05
1755,6.0742813229409136e-05
1756,1.6312615553665276e-05
1757,1.463929217699338e-05
1758,1.7743187071538242e-05
1759,1.6312615553665276e-05
1760,3.88488546246873e-05
1761,4.5879709332661956e-05
1762,1.9354564282833945e-05
1763,4.0451742975475674e-05
1764,1.7742913687798564e-05
1765,1.631115379182584e-05
1766,3.88400923804403e-05
1767,1.4621494304759714e-05
1768,1.4622956066599151e-05
1769,3.8814020305502076e-05
1770,1.4622956066599151e-05
1771,4.0451742975475674e-05
1772,1.631115379182584e-05
1773,1.631115379182584e-05
1774,1.6312615553665276e-05
1775,4.042567090053745e-05
1776,1.6312615553665276e-05
1777,4.042567090053745e-05
1778,1.631115379182584e-05
1779,3.88400923804403e-05
1780,3.88400923804403e-05
1781,4.042567090053745e-05
1782,0.00016397198803763593
1783,7.951967373852825e-06
1784,8.878686890002318e-05
1785,3.0346458659293305e-05
1786,7.951967373852825e-06
1787,3.0371266973283525e-05
1788,2.9360372687559612e-05
1789,8.002844570432808e-06
1790,2.2662353120832157e-05
1791,1.5721753122618828e-05
1792,7.981560293433977e-06
1793,3.0349982696284694e-05
1794,7.50878134554045e-05
1795,7.505822053582334e-05
1796,3.0410854592599305e-05
1797,7.505822053582334e-05
1798,2.2631074144098698e-05
1799,7.981560293433977e-06
1800,7.981560293433977e-06
1801,7.951967373852825e-06
1802,2.266066706367985e-05
1803,7.951967373852825e-06
1804,2.266066706367985e-05
1805,7.981560293433977e-06
1806,3.0349982696284694e-05
1807,3.0381261673018153e-05
1808,2.266066706367985e-05
1809,-8.462467406403063e-06
1810,-4.245683329557635e-06
1811,-7.26228039889299e-06
1812,-5.927418355902589e-06
1813,-4.245683329557635e-06
1814,5.6986313781305516e-06
1815,1.111215708623064e-05
1816,-5.051034394935738e-06
1817,7.762531971190475e-06
1818,-6.7074698573724226e-06
1819,-4.644876074808047e-06
1820,6.104789698258243e-06
1821,-6.261796614053991e-06
1822,-5.862603868803579e-06
1823,5.712265616642501e-06
1824,-5.862603868803579e-06
1825,7.731252994457013e-06
1826,-4.644876074808047e-06
1827,-4.644876074808047e-06
1828,-4.245683329557635e-06
1829,7.30744993610781e-06
1830,-4.245683329557635e-06
1831,7.30744993610781e-06
1832,-4.644876074808047e-06
1833,6.104789698258243e-06
1834,6.1360686749917046e-06
1835,7.30744993610781e-06
1836,0.00023415697242144565
1837,0.00018558395880315145
1838,0.00018560801148351556
1839,0.00018867267234272335
1840,0.00018558395880315145
1841,0.00019309182752728473
1842,0.00019295044721912577
1843,0.000188644946040867
1844,0.00019308333094694285
1845,0.00018865540633500875
1846,0.00018556934686974992
1847,0.0001930863583713301
1848,0.00018557980716389167
1849,0.0001855944190972932
1850,0.00019307174643792857
1851,0.0001855944190972932
1852,0.00019308333094694285
1853,0.00018556934686974992
1854,0.00018556934686974992
1855,0.00018558395880315145
1856,0.00019306871901354132
1857,0.00018558395880315145
1858,0.00019306871901354132
1859,0.00018556934686974992
1860,0.0001930863583713301
1861,0.0001930863583713301
1862,0.00019306871901354132
1863,7.296661617126762e-05
1864,-4.187630028156929e-06
1865,1.489573964742488e-06
1866,-4.758302856143708e-06
1867,-4.187630028156929e-06
1868,-5.562234713967589e-06
1869,-6.978305854822412e-06
1870,2.9979268925156417e-06
1871,-1.271171320491802e-05
1872,2.7348247250495576e-06
1873,-4.399100882822124e-06
1874,-1.2919670726704503e-05
1875,-4.57365337128055e-06
1876,-4.362182516615356e-06
1877,-1.3186286227049297e-05
1878,-4.362182516615356e-06
1879,-1.2656568559238419e-05
1880,-4.399100882822124e-06
1881,-4.399100882822124e-06
1882,-4.187630028156929e-06
1883,-1.2868039413903611e-05
1884,-4.187630028156929e-06
1885,-1.2868039413903611e-05
1886,-4.399100882822124e-06
1887,-1.2919670726704503e-05
1888,-1.2974815372384104e-05
1889,-1.2868039413903611e-05
1890,7.620754274500948e-06
1891,4.10192141453118e-06
1892,3.910152405542149e-06
1893,3.7373234045872797e-06
1894,4.10192141453118e-06
1895,2.123456911414416e-06
1896,5.247735404643442e-06
1897,4.196598966941087e-06
1898,2.058592903359292e-06
1899,4.11258390997868e-06
1900,4.110830106337297e-06
1901,1.974577846396885e-06
1902,3.987654780898487e-06
1903,3.978746089092369e-06
1904,1.9834865382030023e-06
1905,3.978746089092369e-06
1906,2.058592903359292e-06
1907,4.110830106337297e-06
1908,4.110830106337297e-06
1909,4.10192141453118e-06
1910,2.0675015951654095e-06
1911,4.10192141453118e-06
1912,2.0675015951654095e-06
1913,4.110830106337297e-06
1914,1.974577846396885e-06
1915,1.974577846396885e-06
1916,2.0675015951654095e-06
1917,0.00012305922830003067
1918,3.945778594900108e-06
1919,3.6075726960781126e-06
1920,3.857275345673312e-06
1921,3.945778594900108e-06
1922,2.5552418469021196e-05
1923,2.515197759607037e-05
1924,3.5937903002398198e-06
1925,2.597877850287798e-05
1926,3.559521795274042e-06
1927,3.9946882835727925e-06
1928,2.595016385757247e-05
1929,3.991186798172369e-06
1930,3.9422771094996844e-06
1931,2.5999073546245154e-05
1932,3.9422771094996844e-06
1933,2.597877850287798e-05
1934,3.9946882835727925e-06
1935,3.9946882835727925e-06
1936,3.945778594900108e-06
1937,2.6027688191550665e-05
1938,3.945778594900108e-06
1939,2.6027688191550665e-05
1940,3.9946882835727925e-06
1941,2.595016385757247e-05
1942,2.595016385757247e-05
1943,2.6027688191550665e-05
1944,0.00011837196919177929
1945,3.359482834313636e-05
1946,3.186983919352049e-05
1947,3.32668843867164e-05
1948,3.359482834313636e-05
1949,4.517848762468959e-05
1950,4.333894467470644e-05
1951,3.360212882554393e-05
1952,4.5111553310375743e-05
1953,3.361258911968567e-05
1954,3.359336658129693e-05
1955,4.516972538044259e-05
1956,3.340529250347046e-05
1957,3.34067542653099e-05
1958,4.508850865982476e-05
1959,3.34067542653099e-05
1960,4.5166697956055345e-05
1961,3.359336658129693e-05
1962,3.359336658129693e-05
1963,3.359482834313636e-05
1964,4.514062588111712e-05
1965,3.359482834313636e-05
1966,4.514062588111712e-05
1967,3.359336658129693e-05
1968,4.516972538044259e-05
1969,4.511458073476299e-05
1970,4.514062588111712e-05
1971,9.34543467237946e-06
1972,-1.47237958535198e-06
1973,1.1865785267774067e-05
1974,1.3162816793620889e-05
1975,-1.47237958535198e-06
1976,1.5623799501112655e-05
1977,1.7550011069803104e-05
1978,-1.4758927818050194e-06
1979,1.558201209715491e-05
1980,-1.4818171537723812e-06
1981,-1.4758927818050194e-06
1982,1.5623799501112655e-05
1983,-1.5167910932547276e-06
1984,-1.5132778968016881e-06
1985,1.5462940181099676e-05
1986,-1.5132778968016881e-06
1987,1.563715674283451e-05
1988,-1.4758927818050194e-06
1989,-1.4758927818050194e-06
1990,-1.47237958535198e-06
1991,1.5531442068501133e-05
1992,-1.47237958535198e-06
1993,1.5531442068501133e-05
1994,-1.4758927818050194e-06
1995,1.5623799501112655e-05
1996,1.5568654855433054e-05
1997,1.5531442068501133e-05
1998,0.0001514859175776105
1999,3.33248893551159e-05
2000,5.015255300178652e-05
2001,5.155101136818588e-05
2002,3.33248893551159e-05
2003,3.670663510498067e-05
2004,3.4860574636980355e-05
2005,3.3222511428726186e-05
2006,3.309833482320188e-05
2007,3.686152908846332e-05
2008,3.33248893551159e-05
2009,3.678506425886412e-05
2010,3.687509964031809e-05
2011,3.687509964031809e-05
2012,3.672991961318452e-05
2013,3.687509964031809e-05
2014,3.315347946888148e-05
2015,3.33248893551159e-05
2016,3.33248893551159e-05
2017,3.33248893551159e-05
2018,3.315347946888148e-05
2019,3.33248893551159e-05
2020,3.315347946888148e-05
2021,3.33248893551159e-05
2022,3.678506425886412e-05
2023,3.672991961318452e-05
2024,3.315347946888148e-05
2025,7.95898019219667e-05
2026,3.1233259804366176e-05
2027,3.1860327930664025e-05
2028,3.456470680358261e-05
2029,3.1233259804366176e-05
2030,5.1066280789546245e-05
2031,5.177768691524621e-05
2032,3.1233259804366176e-05
2033,4.7379551353884005e-05
2034,3.487227746410331e-05
2035,3.1233259804366176e-05
2036,5.1066280789546245e-05
2037,3.4323576333396334e-05
2038,3.4323576333396334e-05
2039,5.1011136143866644e-05
2040,3.4323576333396334e-05
2041,4.7434695999563606e-05
2042,3.1233259804366176e-05
2043,3.1233259804366176e-05
2044,3.1233259804366176e-05
2045,4.7434695999563606e-05
2046,3.1233259804366176e-05
2047,4.7434695999563606e-05
2048,3.1233259804366176e-05
2049,5.1066280789546245e-05
2050,5.1011136143866644e-05
2051,4.7434695999563606e-05
2052,4.159955729003136e-05
2053,3.406069126214308e-05
2054,3.51510959598286e-05
2055,3.7361337457340646e-05
2056,3.406069126214308e-05
2057,3.675505166484759e-05
2058,4.1461995743942265e-05
2059,3.41161947152284e-05
2060,3.306988033840455e-05
2061,3.7755212374965535e-05
2062,3.406069126214308e-05
2063,3.675660977406679e-05
2064,3.755921414550995e-05
2065,3.755921414550995e-05
2066,3.670146512838719e-05
2067,3.755921414550995e-05
2068,3.312502498408415e-05
2069,3.406069126214308e-05
2070,3.406069126214308e-05
2071,3.406069126214308e-05
2072,3.312502498408415e-05
2073,3.406069126214308e-05
2074,3.312502498408415e-05
2075,3.406069126214308e-05
2076,3.675660977406679e-05
2077,3.670146512838719e-05
2078,3.312502498408415e-05
2079,4.503254304952764e-05
2080,3.263931582111803e-05
2081,2.8540338333008678e-05
2082,3.1773215422410706e-05
2083,3.263931582111803e-05
2084,5.1501937173974316e-05
2085,4.825660464759727e-05
2086,3.263580262466499e-05
2087,5.1504621618646775e-05
2088,3.265432471164529e-05
2089,3.263580262466499e-05
2090,5.1501937173974316e-05
2091,3.162645705502924e-05
2092,3.162997025148228e-05
2093,5.134107785396134e-05
2094,3.162997025148228e-05
2095,5.1559766264326376e-05
2096,3.263580262466499e-05
2097,3.263580262466499e-05
2098,3.263931582111803e-05
2099,5.1454051589993e-05
2100,3.263931582111803e-05
2101,5.1454051589993e-05
2102,3.263580262466499e-05
2103,5.1501937173974316e-05
2104,5.1446792528294715e-05
2105,5.1454051589993e-05
2106,5.877167163002205e-05
2107,2.8830279615527764e-05
2108,2.9805164032259055e-05
2109,3.211658295421444e-05
2110,2.8830279615527764e-05
2111,4.851380627174773e-05
2112,4.947326249044799e-05
2113,2.8830279615527764e-05
2114,4.491411931743515e-05
2115,3.237482192416076e-05
2116,2.8830279615527764e-05
2117,4.851380627174773e-05
2118,3.226841243499136e-05
2119,3.226841243499136e-05
2120,4.845866162606813e-05
2121,3.226841243499136e-05
2122,4.496926396311475e-05
2123,2.8830279615527764e-05
2124,2.8830279615527764e-05
2125,2.8830279615527764e-05
2126,4.496926396311475e-05
2127,2.8830279615527764e-05
2128,4.496926396311475e-05
2129,2.8830279615527764e-05
2130,4.851380627174773e-05
2131,4.845866162606813e-05
2132,4.496926396311475e-05
2133,0.00010994239041157763
2134,5.025989464371796e-05
2135,5.3283099222825e-05
2136,5.6480497230195584e-05
2137,5.025989464371796e-05
2138,8.283660948401198e-05
2139,8.263890998905853e-05
2140,5.330330513472605e-05
2141,7.99082846071426e-05
2142,5.622286776734844e-05
2143,5.025989464371796e-05
2144,8.2827847239765e-05
2145,5.3007945271483886e-05
2146,5.3007945271483886e-05
2147,8.2827847239765e-05
2148,5.3007945271483886e-05
2149,7.99082846071426e-05
2150,5.025989464371796e-05
2151,5.025989464371796e-05
2152,5.025989464371796e-05
2153,7.99082846071426e-05
2154,5.025989464371796e-05
2155,7.99082846071426e-05
2156,5.025989464371796e-05
2157,8.2827847239765e-05
2158,8.2827847239765e-05
2159,7.99082846071426e-05
2160,0.0001092852119078459
2161,3.733401496828787e-06
2162,8.598766073948809e-06
2163,3.479971291627742e-06
2164,3.733401496828787e-06
2165,1.0469188645005882e-05
2166,1.1389114819858815e-05
2167,1.110878014656055e-05
2168,3.0713358762055917e-06
2169,1.1113370152143937e-05
2170,3.7412963881342726e-06
2171,3.1017048865796014e-06
2172,3.702206850398434e-06
2173,3.6943119590929485e-06
2174,2.952253654325149e-06
2175,3.6943119590929485e-06
2176,3.126480521885193e-06
2177,3.7412963881342726e-06
2178,3.7412963881342726e-06
2179,3.733401496828787e-06
2180,3.0321739353103422e-06
2181,3.733401496828787e-06
2182,3.0321739353103422e-06
2183,3.7412963881342726e-06
2184,3.1017048865796014e-06
2185,3.0465602409e-06
2186,3.0321739353103422e-06
2187,5.897742643018918e-05
2188,3.875968388107499e-06
2189,1.2013921506362375e-06
2190,3.534073154327239e-06
2191,3.875968388107499e-06
2192,1.864496343217543e-05
2193,1.9359744290878626e-05
2194,3.861698091004875e-06
2195,1.8627874418641132e-05
2196,3.82737351774531e-06
2197,3.861698091004875e-06
2198,1.864496343217543e-05
2199,3.6503702562659234e-06
2200,3.664640553368548e-06
2201,1.8570888294847537e-05
2202,3.664640553368548e-06
2203,1.868301906432074e-05
2204,3.861698091004875e-06
2205,3.861698091004875e-06
2206,3.875968388107499e-06
2207,1.8664088572672447e-05
2208,3.875968388107499e-06
2209,1.8664088572672447e-05
2210,3.861698091004875e-06
2211,1.864496343217543e-05
2212,1.858981878649583e-05
2213,1.8664088572672447e-05
2214,0.00022268417936730542
2215,6.88044982974639e-05
2216,8.265814342565419e-05
2217,6.887771579823985e-05
2218,6.88044982974639e-05
2219,7.541472327402834e-05
2220,7.541584847988217e-05
2221,7.617225466366701e-05
2222,6.799925700242322e-05
2223,7.623811705745762e-05
2224,6.88044982974639e-05
2225,6.804696690782523e-05
2226,7.528303195246574e-05
2227,7.528303195246574e-05
2228,6.804696690782523e-05
2229,7.528303195246574e-05
2230,6.799925700242322e-05
2231,6.88044982974639e-05
2232,6.88044982974639e-05
2233,6.88044982974639e-05
2234,6.799925700242322e-05
2235,6.88044982974639e-05
2236,6.799925700242322e-05
2237,6.88044982974639e-05
2238,6.804696690782523e-05
2239,6.804696690782523e-05
2240,6.799925700242322e-05
2241,7.599659912850119e-05
2242,3.539205336003067e-05
2243,4.644006134348581e-05
2244,3.894736711213078e-05
2245,3.539205336003067e-05
2246,4.645925176127497e-05
2247,4.618169337788445e-05
2248,4.2699397814906226e-05
2249,3.5470377880451516e-05
2250,4.633841547464336e-05
2251,3.539205336003067e-05
2252,3.9101815748538066e-05
2253,3.9037054155322844e-05
2254,3.9037054155322844e-05
2255,3.9101815748538066e-05
2256,3.9037054155322844e-05
2257,3.5470377880451516e-05
2258,3.539205336003067e-05
2259,3.539205336003067e-05
2260,3.539205336003067e-05
2261,3.5470377880451516e-05
2262,3.539205336003067e-05
2263,3.5470377880451516e-05
2264,3.539205336003067e-05
2265,3.9101815748538066e-05
2266,3.9101815748538066e-05
2267,3.5470377880451516e-05
2268,2.2041379541190195e-05
2269,4.606423656425043e-06
2270,4.349042804864363e-06
2271,4.281066726917092e-06
2272,4.606423656425043e-06
2273,2.7468604468269504e-06
2274,5.827690835704577e-06
2275,4.498432121921414e-06
2276,2.7763007566213543e-06
2277,4.488425855239491e-06
2278,4.587547791932698e-06
2279,2.7380982025799534e-06
2280,4.538877444692772e-06
2281,4.557753309185116e-06
2282,2.694612024988818e-06
2283,4.557753309185116e-06
2284,2.7763007566213543e-06
2285,4.587547791932698e-06
2286,4.587547791932698e-06
2287,4.606423656425043e-06
2288,2.7328145790302187e-06
2289,4.606423656425043e-06
2290,2.7328145790302187e-06
2291,4.587547791932698e-06
2292,2.7380982025799534e-06
2293,2.7380982025799534e-06
2294,2.7328145790302187e-06
2295,1.6417104902433662e-05
2296,2.351006559424282e-07
2297,4.890630304531616e-07
2298,3.6818258720896566e-06
2299,2.351006559424282e-07
2300,-2.125001619426941e-06
2301,3.054598470779676e-06
2302,4.81031639608948e-06
2303,-2.530780761149937e-06
2304,5.213740291694781e-06
2305,1.764232244125749e-06
2306,-2.133763863673938e-06
2307,2.0034529615642954e-06
2308,4.743213733809743e-07
2309,-6.046322754906173e-07
2310,4.743213733809743e-07
2311,-2.530780761149937e-06
2312,1.764232244125749e-06
2313,1.764232244125749e-06
2314,2.351006559424282e-07
2315,-1.0016491729666164e-06
2316,2.351006559424282e-07
2317,-1.0016491729666164e-06
2318,1.764232244125749e-06
2319,-2.133763863673938e-06
2320,-2.133763863673938e-06
2321,-1.0016491729666164e-06
2322,2.344843123914465e-05
2323,2.86302997686093e-05
2324,3.000584792528667e-05
2325,3.218200793633153e-05
2326,2.86302997686093e-05
2327,4.80913330671862e-05
2328,4.590786408060457e-05
2329,2.86302997686093e-05
2330,4.442143300005333e-05
2331,3.224505519006258e-05
2332,2.86302997686093e-05
2333,4.80913330671862e-05
2334,3.2248929874134574e-05
2335,3.2248929874134574e-05
2336,4.80361884215066e-05
2337,3.2248929874134574e-05
2338,4.447657764573293e-05
2339,2.86302997686093e-05
2340,2.86302997686093e-05
2341,2.86302997686093e-05
2342,4.447657764573293e-05
2343,2.86302997686093e-05
2344,4.447657764573293e-05
2345,2.86302997686093e-05
2346,4.80913330671862e-05
2347,4.80361884215066e-05
2348,4.447657764573293e-05
2349,7.738164217277962e-05
2350,2.94764694941371e-05
2351,4.552793332233908e-05
2352,4.75856497177432e-05
2353,2.94764694941371e-05
2354,4.794552388400881e-05
2355,4.8757300045709965e-05
2356,2.94764694941371e-05
2357,4.4345836929696224e-05
2358,3.302101180277009e-05
2359,2.94764694941371e-05
2360,4.794552388400881e-05
2361,3.311897314957758e-05
2362,3.311897314957758e-05
2363,4.789037923832921e-05
2364,3.311897314957758e-05
2365,4.4400981575375825e-05
2366,2.94764694941371e-05
2367,2.94764694941371e-05
2368,2.94764694941371e-05
2369,4.4400981575375825e-05
2370,2.94764694941371e-05
2371,4.4400981575375825e-05
2372,2.94764694941371e-05
2373,4.794552388400881e-05
2374,4.789037923832921e-05
2375,4.4400981575375825e-05
2376,6.985064692252506e-05
2377,-5.249800764235349e-06
2378,-8.029984317811094e-06
2379,-5.8159267690490564e-06
2380,-5.249800764235349e-06
2381,2.2431440249974696e-05
2382,2.3793372161704693e-05
2383,-5.2746793622807745e-06
2384,2.2700254286500483e-05
2385,-5.582566397148163e-06
2386,-5.2746793622807745e-06
2387,2.2431440249974696e-05
2388,-5.591614513124213e-06
2389,-5.566735915078787e-06
2390,2.229126515773675e-05
2391,-5.566735915078787e-06
2392,2.2755398932180084e-05
2393,-5.2746793622807745e-06
2394,-5.2746793622807745e-06
2395,-5.249800764235349e-06
2396,2.2670368485621747e-05
2397,-5.249800764235349e-06
2398,2.2670368485621747e-05
2399,-5.2746793622807745e-06
2400,2.2431440249974696e-05
2401,2.2376295604295095e-05
2402,2.2670368485621747e-05
2403,8.711309077668068e-05
2404,7.77537615913039e-07
2405,5.510652837232679e-07
2406,3.6047673861916593e-06
2407,7.77537615913039e-07
2408,-5.025786375471084e-07
2409,3.0504740690516264e-06
2410,3.809780484212152e-06
2411,-5.1422138428525e-07
2412,3.82024077835389e-06
2413,7.663699932040452e-07
2414,-5.11340881794102e-07
2415,7.49014187391508e-07
2416,7.601818101005018e-07
2417,-1.2355948005020359e-07
2418,7.601818101005018e-07
2419,-5.1422138428525e-07
2420,7.663699932040452e-07
2421,7.663699932040452e-07
2422,7.77537615913039e-07
2423,-1.2643998254135162e-07
2424,7.77537615913039e-07
2425,-1.2643998254135162e-07
2426,7.663699932040452e-07
2427,-5.11340881794102e-07
2428,-5.11340881794102e-07
2429,-1.2643998254135162e-07
