0,0.00010551481400999027
1,5.907341993697692e-06
2,5.706438045073014e-06
3,5.706438045073014e-06
4,5.907341993697692e-06
5,5.267714442863886e-05
6,5.267714442863886e-05
7,5.907341993697692e-06
8,5.267714442863886e-05
9,5.907341993697692e-06
10,5.907341993697692e-06
11,5.267714442863886e-05
12,5.907341993697692e-06
13,5.907341993697692e-06
14,5.267714442863886e-05
15,5.907341993697692e-06
16,5.267714442863886e-05
17,5.907341993697692e-06
18,5.907341993697692e-06
19,5.907341993697692e-06
20,5.267714442863886e-05
21,5.907341993697692e-06
22,5.267714442863886e-05
23,5.907341993697692e-06
24,5.267714442863886e-05
25,5.267714442863886e-05
26,5.267714442863886e-05
27,0.00013798581390918064
28,1.023759843999219e-05
29,1.0036694491367513e-05
30,1.0036694491367513e-05
31,1.023759843999219e-05
32,1.9909809138860018e-05
33,2.1471209248596814e-05
34,1.023759843999219e-05
35,1.9909809138860018e-05
36,1.023759843999219e-05
37,1.023759843999219e-05
38,1.9909809138860018e-05
39,1.023759843999219e-05
40,1.023759843999219e-05
41,1.9909809138860018e-05
42,1.023759843999219e-05
43,1.9909809138860018e-05
44,1.023759843999219e-05
45,1.023759843999219e-05
46,1.023759843999219e-05
47,1.9909809138860018e-05
48,1.023759843999219e-05
49,1.9909809138860018e-05
50,1.023759843999219e-05
51,1.9909809138860018e-05
52,1.9909809138860018e-05
53,1.9909809138860018e-05
54,0.00011666569325405985
55,2.588163032730514e-06
56,2.387259084105836e-06
57,2.387259084105836e-06
58,2.588163032730514e-06
59,3.980514657593396e-05
60,3.980514657593396e-05
61,2.588163032730514e-06
62,3.980514657593396e-05
63,2.588163032730514e-06
64,2.588163032730514e-06
65,3.980514657593396e-05
66,2.588163032730514e-06
67,2.588163032730514e-06
68,3.980514657593396e-05
69,2.588163032730514e-06
70,3.980514657593396e-05
71,2.588163032730514e-06
72,2.588163032730514e-06
73,2.588163032730514e-06
74,3.980514657593396e-05
75,2.588163032730514e-06
76,3.980514657593396e-05
77,2.588163032730514e-06
78,3.980514657593396e-05
79,3.980514657593396e-05
80,3.980514657593396e-05
81,0.00013180051116294675
82,1.6906113132271096e-05
83,1.683468184425786e-05
84,1.683468184425786e-05
85,1.6906113132271096e-05
86,5.356537063870741e-05
87,5.356537063870741e-05
88,1.6906113132271096e-05
89,5.356537063870741e-05
90,1.6906113132271096e-05
91,1.6906113132271096e-05
92,5.356537063870741e-05
93,1.6906113132271096e-05
94,1.6906113132271096e-05
95,5.356537063870741e-05
96,1.6906113132271096e-05
97,5.356537063870741e-05
98,1.6906113132271096e-05
99,1.6906113132271096e-05
100,1.6906113132271096e-05
101,5.356537063870741e-05
102,1.6906113132271096e-05
103,5.356537063870741e-05
104,1.6906113132271096e-05
105,5.356537063870741e-05
106,5.356537063870741e-05
107,5.356537063870741e-05
108,0.00011775549109827447
109,-6.587824531764783e-07
110,-7.302137411897223e-07
111,-7.302137411897223e-07
112,-6.587824531764783e-07
113,1.8090524009600276e-05
114,1.788615787904459e-05
115,-6.587824531764783e-07
116,1.8090524009600276e-05
117,-6.587824531764783e-07
118,-6.587824531764783e-07
119,1.8090524009600276e-05
120,-6.587824531764783e-07
121,-6.587824531764783e-07
122,1.8090524009600276e-05
123,-6.587824531764783e-07
124,1.8090524009600276e-05
125,-6.587824531764783e-07
126,-6.587824531764783e-07
127,-6.587824531764783e-07
128,1.8090524009600276e-05
129,-6.587824531764783e-07
130,1.8090524009600276e-05
131,-6.587824531764783e-07
132,1.8090524009600276e-05
133,1.8090524009600276e-05
134,1.8090524009600276e-05
135,0.00017163423941673846
136,6.7241126802183515e-06
137,6.652681392205111e-06
138,6.652681392205111e-06
139,6.7241126802183515e-06
140,1.6223128101264287e-05
141,2.1737736488969907e-05
142,6.7241126802183515e-06
143,1.6223128101264287e-05
144,6.7241126802183515e-06
145,6.7241126802183515e-06
146,1.6223128101264287e-05
147,6.7241126802183515e-06
148,6.7241126802183515e-06
149,1.6223128101264287e-05
150,6.7241126802183515e-06
151,1.6223128101264287e-05
152,6.7241126802183515e-06
153,6.7241126802183515e-06
154,6.7241126802183515e-06
155,1.6223128101264287e-05
156,6.7241126802183515e-06
157,1.6223128101264287e-05
158,6.7241126802183515e-06
159,1.6223128101264287e-05
160,1.6223128101264287e-05
161,1.6223128101264287e-05
162,0.00013046929974709526
163,5.4069684329090975e-06
164,2.015755445556567e-05
165,2.015755445556567e-05
166,5.4069684329090975e-06
167,4.825118473858461e-06
168,4.645163762133271e-06
169,5.4069684329090975e-06
170,4.825118473858461e-06
171,5.4069684329090975e-06
172,5.4069684329090975e-06
173,4.825118473858461e-06
174,5.4069684329090975e-06
175,5.4069684329090975e-06
176,4.825118473858461e-06
177,5.4069684329090975e-06
178,4.825118473858461e-06
179,5.4069684329090975e-06
180,5.4069684329090975e-06
181,5.4069684329090975e-06
182,4.825118473858461e-06
183,5.4069684329090975e-06
184,4.825118473858461e-06
185,5.4069684329090975e-06
186,4.825118473858461e-06
187,4.825118473858461e-06
188,4.825118473858461e-06
189,0.0003414858690449276
190,0.00015749044901367177
191,0.0001723705076969398
192,0.0001723705076969398
193,0.00015749044901367177
194,0.0001923345438809809
195,0.0001921063631406303
196,0.00015749044901367177
197,0.0001923345438809809
198,0.00015749044901367177
199,0.00015749044901367177
200,0.0001923345438809809
201,0.00015749044901367177
202,0.00015749044901367177
203,0.0001923345438809809
204,0.00015749044901367177
205,0.0001923345438809809
206,0.00015749044901367177
207,0.00015749044901367177
208,0.00015749044901367177
209,0.0001923345438809809
210,0.00015749044901367177
211,0.0001923345438809809
212,0.00015749044901367177
213,0.0001923345438809809
214,0.0001923345438809809
215,0.0001923345438809809
216,0.00010896775588453263
217,1.7074762817663168e-05
218,1.7003331529649927e-05
219,1.7003331529649927e-05
220,1.7074762817663168e-05
221,3.0613892112123947e-05
222,3.0288826469422083e-05
223,1.7074762817663168e-05
224,3.0613892112123947e-05
225,1.7074762817663168e-05
226,1.7074762817663168e-05
227,3.0613892112123947e-05
228,1.7074762817663168e-05
229,1.7074762817663168e-05
230,3.0613892112123947e-05
231,1.7074762817663168e-05
232,3.0613892112123947e-05
233,1.7074762817663168e-05
234,1.7074762817663168e-05
235,1.7074762817663168e-05
236,3.0613892112123947e-05
237,1.7074762817663168e-05
238,3.0613892112123947e-05
239,1.7074762817663168e-05
240,3.0613892112123947e-05
241,3.0613892112123947e-05
242,3.0613892112123947e-05
243,4.152687369053566e-06
244,9.49889412573289e-06
245,9.427462837719649e-06
246,9.427462837719649e-06
247,9.49889412573289e-06
248,9.869854177829849e-06
249,9.763113722789091e-06
250,9.49889412573289e-06
251,9.869854177829849e-06
252,9.49889412573289e-06
253,9.49889412573289e-06
254,9.869854177829849e-06
255,9.49889412573289e-06
256,9.49889412573289e-06
257,9.869854177829849e-06
258,9.49889412573289e-06
259,9.869854177829849e-06
260,9.49889412573289e-06
261,9.49889412573289e-06
262,9.49889412573289e-06
263,9.869854177829849e-06
264,9.49889412573289e-06
265,9.869854177829849e-06
266,9.49889412573289e-06
267,9.869854177829849e-06
268,9.869854177829849e-06
269,9.869854177829849e-06
270,0.00015878351824665684
271,1.3032012678225064e-06
272,1.2317699798092657e-06
273,1.2317699798092657e-06
274,1.3032012678225064e-06
275,1.3089610476747618e-06
276,9.944324666109557e-07
277,1.3032012678225064e-06
278,1.3089610476747618e-06
279,1.3032012678225064e-06
280,1.3032012678225064e-06
281,1.3089610476747618e-06
282,1.3032012678225064e-06
283,1.3032012678225064e-06
284,1.3089610476747618e-06
285,1.3032012678225064e-06
286,1.3089610476747618e-06
287,1.3032012678225064e-06
288,1.3032012678225064e-06
289,1.3032012678225064e-06
290,1.3089610476747618e-06
291,1.3032012678225064e-06
292,1.3089610476747618e-06
293,1.3032012678225064e-06
294,1.3089610476747618e-06
295,1.3089610476747618e-06
296,1.3089610476747618e-06
297,0.00034479955916764325
298,0.00010595232610372236
299,0.00010595232610372236
300,0.00010595232610372236
301,0.00010595232610372236
302,0.0001933685682329592
303,0.00019302847322982003
304,0.00010595232610372236
305,0.0001933685682329592
306,0.00010595232610372236
307,0.00010595232610372236
308,0.0001933685682329592
309,0.00010595232610372236
310,0.00010595232610372236
311,0.0001933685682329592
312,0.00010595232610372236
313,0.0001933685682329592
314,0.00010595232610372236
315,0.00010595232610372236
316,0.00010595232610372236
317,0.0001933685682329592
318,0.00010595232610372236
319,0.0001933685682329592
320,0.00010595232610372236
321,0.0001933685682329592
322,0.0001933685682329592
323,0.0001933685682329592
324,0.00019482471787508052
325,3.3334531520000745e-05
326,3.3334531520000745e-05
327,3.3334531520000745e-05
328,3.3334531520000745e-05
329,8.488440456514219e-05
330,8.488440456514219e-05
331,3.3334531520000745e-05
332,8.488440456514219e-05
333,3.3334531520000745e-05
334,3.3334531520000745e-05
335,8.488440456514219e-05
336,3.3334531520000745e-05
337,3.3334531520000745e-05
338,8.488440456514219e-05
339,3.3334531520000745e-05
340,8.488440456514219e-05
341,3.3334531520000745e-05
342,3.3334531520000745e-05
343,3.3334531520000745e-05
344,8.488440456514219e-05
345,3.3334531520000745e-05
346,8.488440456514219e-05
347,3.3334531520000745e-05
348,8.488440456514219e-05
349,8.488440456514219e-05
350,8.488440456514219e-05
351,0.00021613831039093544
352,3.3765206730774175e-05
353,3.35643027821495e-05
354,3.35643027821495e-05
355,3.3765206730774175e-05
356,7.583765751428843e-05
357,7.54975625111493e-05
358,3.3765206730774175e-05
359,7.583765751428843e-05
360,3.3765206730774175e-05
361,3.3765206730774175e-05
362,7.583765751428843e-05
363,3.3765206730774175e-05
364,3.3765206730774175e-05
365,7.583765751428843e-05
366,3.3765206730774175e-05
367,7.583765751428843e-05
368,3.3765206730774175e-05
369,3.3765206730774175e-05
370,3.3765206730774175e-05
371,7.583765751428843e-05
372,3.3765206730774175e-05
373,7.583765751428843e-05
374,3.3765206730774175e-05
375,7.583765751428843e-05
376,7.583765751428843e-05
377,7.583765751428843e-05
378,0.00015554382336702195
379,3.49437530427562e-05
380,5.0086757736846245e-05
381,5.0086757736846245e-05
382,3.49437530427562e-05
383,9.239619300357627e-05
384,9.239619300357627e-05
385,3.49437530427562e-05
386,9.239619300357627e-05
387,3.49437530427562e-05
388,3.49437530427562e-05
389,9.239619300357627e-05
390,3.49437530427562e-05
391,3.49437530427562e-05
392,9.239619300357627e-05
393,3.49437530427562e-05
394,9.239619300357627e-05
395,3.49437530427562e-05
396,3.49437530427562e-05
397,3.49437530427562e-05
398,9.239619300357627e-05
399,3.49437530427562e-05
400,9.239619300357627e-05
401,3.49437530427562e-05
402,9.239619300357627e-05
403,9.239619300357627e-05
404,9.239619300357627e-05
405,0.00018539135792742728
406,5.630778327214125e-05
407,7.14507879662313e-05
408,7.14507879662313e-05
409,5.630778327214125e-05
410,0.00011003883689604451
411,0.00011003883689604451
412,5.630778327214125e-05
413,0.00011003883689604451
414,5.630778327214125e-05
415,5.630778327214125e-05
416,0.00011003883689604451
417,5.630778327214125e-05
418,5.630778327214125e-05
419,0.00011003883689604451
420,5.630778327214125e-05
421,0.00011003883689604451
422,5.630778327214125e-05
423,5.630778327214125e-05
424,5.630778327214125e-05
425,0.00011003883689604451
426,5.630778327214125e-05
427,0.00011003883689604451
428,5.630778327214125e-05
429,0.00011003883689604451
430,0.00011003883689604451
431,0.00011003883689604451
432,0.00024884450512061625
433,8.847129393330436e-05
434,8.827038998467969e-05
435,8.827038998467969e-05
436,8.847129393330436e-05
437,0.0001611502820907699
438,0.00016081018708763073
439,8.847129393330436e-05
440,0.0001611502820907699
441,8.847129393330436e-05
442,8.847129393330436e-05
443,0.0001611502820907699
444,8.847129393330436e-05
445,8.847129393330436e-05
446,0.0001611502820907699
447,8.847129393330436e-05
448,0.0001611502820907699
449,8.847129393330436e-05
450,8.847129393330436e-05
451,8.847129393330436e-05
452,0.0001611502820907699
453,8.847129393330436e-05
454,0.0001611502820907699
455,8.847129393330436e-05
456,0.0001611502820907699
457,0.0001611502820907699
458,0.0001611502820907699
459,0.00017464089139765138
460,5.5333140283812595e-05
461,7.02131989670806e-05
462,7.02131989670806e-05
463,5.5333140283812595e-05
464,5.5601164451009395e-05
465,5.553434603769393e-05
466,5.5333140283812595e-05
467,5.5601164451009395e-05
468,5.5333140283812595e-05
469,5.5333140283812595e-05
470,5.5601164451009395e-05
471,5.5333140283812595e-05
472,5.5333140283812595e-05
473,5.5601164451009395e-05
474,5.5333140283812595e-05
475,5.5601164451009395e-05
476,5.5333140283812595e-05
477,5.5333140283812595e-05
478,5.5333140283812595e-05
479,5.5601164451009395e-05
480,5.5333140283812595e-05
481,5.5601164451009395e-05
482,5.5333140283812595e-05
483,5.5601164451009395e-05
484,5.5601164451009395e-05
485,5.5601164451009395e-05
486,0.00013188038964427875
487,3.349198304620586e-05
488,3.349198304620586e-05
489,3.349198304620586e-05
490,3.349198304620586e-05
491,8.472318038794859e-05
492,8.508827261082066e-05
493,3.349198304620586e-05
494,8.472318038794859e-05
495,3.349198304620586e-05
496,3.349198304620586e-05
497,8.472318038794859e-05
498,3.349198304620586e-05
499,3.349198304620586e-05
500,8.472318038794859e-05
501,3.349198304620586e-05
502,8.472318038794859e-05
503,3.349198304620586e-05
504,3.349198304620586e-05
505,3.349198304620586e-05
506,8.472318038794859e-05
507,3.349198304620586e-05
508,8.472318038794859e-05
509,3.349198304620586e-05
510,8.472318038794859e-05
511,8.472318038794859e-05
512,8.472318038794859e-05
513,8.673674833870501e-05
514,9.418566921275192e-06
515,2.4298625604543213e-05
516,2.4298625604543213e-05
517,9.418566921275192e-06
518,9.395398891431627e-06
519,9.40148698493551e-06
520,9.418566921275192e-06
521,9.395398891431627e-06
522,9.418566921275192e-06
523,9.418566921275192e-06
524,9.395398891431627e-06
525,9.418566921275192e-06
526,9.418566921275192e-06
527,9.395398891431627e-06
528,9.418566921275192e-06
529,9.395398891431627e-06
530,9.418566921275192e-06
531,9.418566921275192e-06
532,9.418566921275192e-06
533,9.395398891431627e-06
534,9.418566921275192e-06
535,9.395398891431627e-06
536,9.418566921275192e-06
537,9.395398891431627e-06
538,9.395398891431627e-06
539,9.395398891431627e-06
540,0.0001312019133923993
541,2.25239455503331e-05
542,2.2323041601708423e-05
543,2.2323041601708423e-05
544,2.25239455503331e-05
545,2.2159088706331393e-05
546,2.181899370319225e-05
547,2.25239455503331e-05
548,2.2159088706331393e-05
549,2.25239455503331e-05
550,2.25239455503331e-05
551,2.2159088706331393e-05
552,2.25239455503331e-05
553,2.25239455503331e-05
554,2.2159088706331393e-05
555,2.25239455503331e-05
556,2.2159088706331393e-05
557,2.25239455503331e-05
558,2.25239455503331e-05
559,2.25239455503331e-05
560,2.2159088706331393e-05
561,2.25239455503331e-05
562,2.2159088706331393e-05
563,2.25239455503331e-05
564,2.2159088706331393e-05
565,2.2159088706331393e-05
566,2.2159088706331393e-05
567,0.00013921623122756648
568,-4.69531733414461e-07
569,1.657580669268484e-05
570,1.657580669268484e-05
571,-4.69531733414461e-07
572,-1.210787710699199e-06
573,-1.4472524391225037e-06
574,-4.69531733414461e-07
575,-1.210787710699199e-06
576,-4.69531733414461e-07
577,-4.69531733414461e-07
578,-1.210787710699199e-06
579,-4.69531733414461e-07
580,-4.69531733414461e-07
581,-1.210787710699199e-06
582,-4.69531733414461e-07
583,-1.210787710699199e-06
584,-4.69531733414461e-07
585,-4.69531733414461e-07
586,-4.69531733414461e-07
587,-1.210787710699199e-06
588,-4.69531733414461e-07
589,-1.210787710699199e-06
590,-4.69531733414461e-07
591,-1.210787710699199e-06
592,-1.210787710699199e-06
593,-1.210787710699199e-06
594,0.0001940738176677196
595,8.292558141193103e-05
596,8.292558141193103e-05
597,8.292558141193103e-05
598,8.292558141193103e-05
599,0.00015093858526577908
600,0.00015094732943817424
601,8.292558141193103e-05
602,0.00015093858526577908
603,8.292558141193103e-05
604,8.292558141193103e-05
605,0.00015093858526577908
606,8.292558141193103e-05
607,8.292558141193103e-05
608,0.00015093858526577908
609,8.292558141193103e-05
610,0.00015093858526577908
611,8.292558141193103e-05
612,8.292558141193103e-05
613,8.292558141193103e-05
614,0.00015093858526577908
615,8.292558141193103e-05
616,0.00015093858526577908
617,8.292558141193103e-05
618,0.00015093858526577908
619,0.00015093858526577908
620,0.00015093858526577908
621,0.0001966103345930867
622,3.7552223585170014e-05
623,5.269522827926007e-05
624,5.269522827926007e-05
625,3.7552223585170014e-05
626,9.445134408803089e-05
627,9.445134408803089e-05
628,3.7552223585170014e-05
629,9.445134408803089e-05
630,3.7552223585170014e-05
631,3.7552223585170014e-05
632,9.445134408803089e-05
633,3.7552223585170014e-05
634,3.7552223585170014e-05
635,9.445134408803089e-05
636,3.7552223585170014e-05
637,9.445134408803089e-05
638,3.7552223585170014e-05
639,3.7552223585170014e-05
640,3.7552223585170014e-05
641,9.445134408803089e-05
642,3.7552223585170014e-05
643,9.445134408803089e-05
644,3.7552223585170014e-05
645,9.445134408803089e-05
646,9.445134408803089e-05
647,9.445134408803089e-05
648,0.00013689509823715062
649,3.5325534906542676e-05
650,5.0468539600632736e-05
651,5.0468539600632736e-05
652,3.5325534906542676e-05
653,5.37210697686382e-05
654,5.727630589708582e-05
655,3.5325534906542676e-05
656,5.37210697686382e-05
657,3.5325534906542676e-05
658,3.5325534906542676e-05
659,5.37210697686382e-05
660,3.5325534906542676e-05
661,3.5325534906542676e-05
662,5.37210697686382e-05
663,3.5325534906542676e-05
664,5.37210697686382e-05
665,3.5325534906542676e-05
666,3.5325534906542676e-05
667,3.5325534906542676e-05
668,5.37210697686382e-05
669,3.5325534906542676e-05
670,5.37210697686382e-05
671,3.5325534906542676e-05
672,5.37210697686382e-05
673,5.37210697686382e-05
674,5.37210697686382e-05
675,0.00012820450956385745
676,1.0369889814321147e-05
677,1.0176610755628328e-05
678,1.0176610755628328e-05
679,1.0369889814321147e-05
680,4.470660194974161e-05
681,4.470660194974161e-05
682,1.0369889814321147e-05
683,4.470660194974161e-05
684,1.0369889814321147e-05
685,1.0369889814321147e-05
686,4.470660194974161e-05
687,1.0369889814321147e-05
688,1.0369889814321147e-05
689,4.470660194974161e-05
690,1.0369889814321147e-05
691,4.470660194974161e-05
692,1.0369889814321147e-05
693,1.0369889814321147e-05
694,1.0369889814321147e-05
695,4.470660194974161e-05
696,1.0369889814321147e-05
697,4.470660194974161e-05
698,1.0369889814321147e-05
699,4.470660194974161e-05
700,4.470660194974161e-05
701,4.470660194974161e-05
702,4.2090064420633946e-05
703,9.36803879689799e-06
704,2.4248097480166018e-05
705,2.4248097480166018e-05
706,9.36803879689799e-06
707,9.420493990923347e-06
708,9.411552723989951e-06
709,9.36803879689799e-06
710,9.420493990923347e-06
711,9.36803879689799e-06
712,9.36803879689799e-06
713,9.420493990923347e-06
714,9.36803879689799e-06
715,9.36803879689799e-06
716,9.420493990923347e-06
717,9.36803879689799e-06
718,9.420493990923347e-06
719,9.36803879689799e-06
720,9.36803879689799e-06
721,9.36803879689799e-06
722,9.420493990923347e-06
723,9.36803879689799e-06
724,9.420493990923347e-06
725,9.36803879689799e-06
726,9.420493990923347e-06
727,9.420493990923347e-06
728,9.420493990923347e-06
729,0.00018892493218934946
730,5.9918028600861755e-05
731,5.972514740675336e-05
732,5.972514740675336e-05
733,5.9918028600861755e-05
734,5.996044673621283e-05
735,5.996044673621283e-05
736,5.9918028600861755e-05
737,5.996044673621283e-05
738,5.9918028600861755e-05
739,5.9918028600861755e-05
740,5.996044673621283e-05
741,5.9918028600861755e-05
742,5.9918028600861755e-05
743,5.996044673621283e-05
744,5.9918028600861755e-05
745,5.996044673621283e-05
746,5.9918028600861755e-05
747,5.9918028600861755e-05
748,5.9918028600861755e-05
749,5.996044673621283e-05
750,5.9918028600861755e-05
751,5.996044673621283e-05
752,5.9918028600861755e-05
753,5.996044673621283e-05
754,5.996044673621283e-05
755,5.996044673621283e-05
756,3.8377363764788564e-05
757,7.074739345520339e-06
758,2.1825325368176925e-05
759,2.1825325368176925e-05
760,7.074739345520339e-06
761,6.187448812895967e-06
762,9.912476350514209e-06
763,7.074739345520339e-06
764,6.187448812895967e-06
765,7.074739345520339e-06
766,7.074739345520339e-06
767,6.187448812895967e-06
768,7.074739345520339e-06
769,7.074739345520339e-06
770,6.187448812895967e-06
771,7.074739345520339e-06
772,6.187448812895967e-06
773,7.074739345520339e-06
774,7.074739345520339e-06
775,7.074739345520339e-06
776,6.187448812895967e-06
777,7.074739345520339e-06
778,6.187448812895967e-06
779,7.074739345520339e-06
780,6.187448812895967e-06
781,6.187448812895967e-06
782,6.187448812895967e-06
783,0.0001227963746155201
784,9.417766139420304e-06
785,9.346334851407066e-06
786,9.346334851407066e-06
787,9.417766139420304e-06
788,9.343908362170906e-06
789,9.473352046712256e-06
790,9.417766139420304e-06
791,9.343908362170906e-06
792,9.417766139420304e-06
793,9.417766139420304e-06
794,9.343908362170906e-06
795,9.417766139420304e-06
796,9.417766139420304e-06
797,9.343908362170906e-06
798,9.417766139420304e-06
799,9.343908362170906e-06
800,9.417766139420304e-06
801,9.417766139420304e-06
802,9.417766139420304e-06
803,9.343908362170906e-06
804,9.417766139420304e-06
805,9.343908362170906e-06
806,9.417766139420304e-06
807,9.343908362170906e-06
808,9.343908362170906e-06
809,9.343908362170906e-06
810,0.00016100789868165515
811,1.7515395823824514e-05
812,3.227400460099739e-05
813,3.227400460099739e-05
814,1.7515395823824514e-05
815,4.2542535984643625e-05
816,4.616667652883781e-05
817,1.7515395823824514e-05
818,4.2542535984643625e-05
819,1.7515395823824514e-05
820,1.7515395823824514e-05
821,4.2542535984643625e-05
822,1.7515395823824514e-05
823,1.7515395823824514e-05
824,4.2542535984643625e-05
825,1.7515395823824514e-05
826,4.2542535984643625e-05
827,1.7515395823824514e-05
828,1.7515395823824514e-05
829,1.7515395823824514e-05
830,4.2542535984643625e-05
831,1.7515395823824514e-05
832,4.2542535984643625e-05
833,1.7515395823824514e-05
834,4.2542535984643625e-05
835,4.2542535984643625e-05
836,4.2542535984643625e-05
837,0.0001192270711023447
838,8.144833996419653e-06
839,2.2903044909008093e-05
840,2.2903044909008093e-05
841,8.144833996419653e-06
842,1.7461298191875503e-05
843,1.90226983016123e-05
844,8.144833996419653e-06
845,1.7461298191875503e-05
846,8.144833996419653e-06
847,8.144833996419653e-06
848,1.7461298191875503e-05
849,8.144833996419653e-06
850,8.144833996419653e-06
851,1.7461298191875503e-05
852,8.144833996419653e-06
853,1.7461298191875503e-05
854,8.144833996419653e-06
855,8.144833996419653e-06
856,8.144833996419653e-06
857,1.7461298191875503e-05
858,8.144833996419653e-06
859,1.7461298191875503e-05
860,8.144833996419653e-06
861,1.7461298191875503e-05
862,1.7461298191875503e-05
863,1.7461298191875503e-05
864,0.00020844523175348115
865,3.235361444983818e-05
866,3.235361444983818e-05
867,3.235361444983818e-05
868,3.235361444983818e-05
869,0.00010393884966503047
870,0.00010392990839809707
871,3.235361444983818e-05
872,0.00010393884966503047
873,3.235361444983818e-05
874,3.235361444983818e-05
875,0.00010393884966503047
876,3.235361444983818e-05
877,3.235361444983818e-05
878,0.00010393884966503047
879,3.235361444983818e-05
880,0.00010393884966503047
881,3.235361444983818e-05
882,3.235361444983818e-05
883,3.235361444983818e-05
884,0.00010393884966503047
885,3.235361444983818e-05
886,0.00010393884966503047
887,3.235361444983818e-05
888,0.00010393884966503047
889,0.00010393884966503047
890,0.00010393884966503047
891,7.384028199751332e-05
892,1.3012196618644585e-05
893,1.2819315424536197e-05
894,1.2819315424536197e-05
895,1.3012196618644585e-05
896,1.833541641876281e-05
897,1.8278122524029076e-05
898,1.3012196618644585e-05
899,1.833541641876281e-05
900,1.3012196618644585e-05
901,1.3012196618644585e-05
902,1.833541641876281e-05
903,1.3012196618644585e-05
904,1.3012196618644585e-05
905,1.833541641876281e-05
906,1.3012196618644585e-05
907,1.833541641876281e-05
908,1.3012196618644585e-05
909,1.3012196618644585e-05
910,1.3012196618644585e-05
911,1.833541641876281e-05
912,1.3012196618644585e-05
913,1.833541641876281e-05
914,1.3012196618644585e-05
915,1.833541641876281e-05
916,1.833541641876281e-05
917,1.833541641876281e-05
918,0.00011255404927330135
919,1.226219746726434e-05
920,2.701668207853108e-05
921,2.701668207853108e-05
922,1.226219746726434e-05
923,1.1507564802558435e-05
924,1.1658763827038988e-05
925,1.226219746726434e-05
926,1.1507564802558435e-05
927,1.226219746726434e-05
928,1.226219746726434e-05
929,1.1507564802558435e-05
930,1.226219746726434e-05
931,1.226219746726434e-05
932,1.1507564802558435e-05
933,1.226219746726434e-05
934,1.1507564802558435e-05
935,1.226219746726434e-05
936,1.226219746726434e-05
937,1.226219746726434e-05
938,1.1507564802558435e-05
939,1.226219746726434e-05
940,1.1507564802558435e-05
941,1.226219746726434e-05
942,1.1507564802558435e-05
943,1.1507564802558435e-05
944,1.1507564802558435e-05
945,0.0001324098612216847
946,1.934193340323215e-06
947,1.6814252023591234e-05
948,1.6814252023591234e-05
949,1.934193340323215e-06
950,4.070381934588063e-05
951,4.070381934588063e-05
952,1.934193340323215e-06
953,4.070381934588063e-05
954,1.934193340323215e-06
955,1.934193340323215e-06
956,4.070381934588063e-05
957,1.934193340323215e-06
958,1.934193340323215e-06
959,4.070381934588063e-05
960,1.934193340323215e-06
961,4.070381934588063e-05
962,1.934193340323215e-06
963,1.934193340323215e-06
964,1.934193340323215e-06
965,4.070381934588063e-05
966,1.934193340323215e-06
967,4.070381934588063e-05
968,1.934193340323215e-06
969,4.070381934588063e-05
970,4.070381934588063e-05
971,4.070381934588063e-05
972,0.00010072443048817726
973,4.977976541312462e-05
974,4.962742011372113e-05
975,4.962742011372113e-05
976,4.977976541312462e-05
977,4.883160115143146e-05
978,4.849150614829231e-05
979,4.977976541312462e-05
980,4.883160115143146e-05
981,4.977976541312462e-05
982,4.977976541312462e-05
983,4.883160115143146e-05
984,4.977976541312462e-05
985,4.977976541312462e-05
986,4.883160115143146e-05
987,4.977976541312462e-05
988,4.883160115143146e-05
989,4.977976541312462e-05
990,4.977976541312462e-05
991,4.977976541312462e-05
992,4.883160115143146e-05
993,4.977976541312462e-05
994,4.883160115143146e-05
995,4.977976541312462e-05
996,4.883160115143146e-05
997,4.883160115143146e-05
998,4.883160115143146e-05
999,0.00012618844558076045
1000,1.6768614862581056e-05
1001,3.170532270171851e-05
1002,3.170532270171851e-05
1003,1.6768614862581056e-05
1004,2.0778480976674223e-05
1005,2.040506167262781e-05
1006,1.6768614862581056e-05
1007,2.0778480976674223e-05
1008,1.6768614862581056e-05
1009,1.6768614862581056e-05
1010,2.0778480976674223e-05
1011,1.6768614862581056e-05
1012,1.6768614862581056e-05
1013,2.0778480976674223e-05
1014,1.6768614862581056e-05
1015,2.0778480976674223e-05
1016,1.6768614862581056e-05
1017,1.6768614862581056e-05
1018,1.6768614862581056e-05
1019,2.0778480976674223e-05
1020,1.6768614862581056e-05
1021,2.0778480976674223e-05
1022,1.6768614862581056e-05
1023,2.0778480976674223e-05
1024,2.0778480976674223e-05
1025,2.0778480976674223e-05
1026,7.973181359205542e-05
1027,1.5591218100292326e-05
1028,1.539793904159951e-05
1029,1.539793904159951e-05
1030,1.5591218100292326e-05
1031,3.7142091830368773e-05
1032,4.112923859500393e-05
1033,1.5591218100292326e-05
1034,3.7142091830368773e-05
1035,1.5591218100292326e-05
1036,1.5591218100292326e-05
1037,3.7142091830368773e-05
1038,1.5591218100292326e-05
1039,1.5591218100292326e-05
1040,3.7142091830368773e-05
1041,1.5591218100292326e-05
1042,3.7142091830368773e-05
1043,1.5591218100292326e-05
1044,1.5591218100292326e-05
1045,1.5591218100292326e-05
1046,3.7142091830368773e-05
1047,1.5591218100292326e-05
1048,3.7142091830368773e-05
1049,1.5591218100292326e-05
1050,3.7142091830368773e-05
1051,3.7142091830368773e-05
1052,3.7142091830368773e-05
1053,0.00011125303487864003
1054,9.632614902835356e-06
1055,2.4390825815423797e-05
1056,2.4390825815423797e-05
1057,9.632614902835356e-06
1058,9.635250150997679e-06
1059,1.3190486279445294e-05
1060,9.632614902835356e-06
1061,9.635250150997679e-06
1062,9.632614902835356e-06
1063,9.632614902835356e-06
1064,9.635250150997679e-06
1065,9.632614902835356e-06
1066,9.632614902835356e-06
1067,9.635250150997679e-06
1068,9.632614902835356e-06
1069,9.635250150997679e-06
1070,9.632614902835356e-06
1071,9.632614902835356e-06
1072,9.632614902835356e-06
1073,9.635250150997679e-06
1074,9.632614902835356e-06
1075,9.635250150997679e-06
1076,9.632614902835356e-06
1077,9.635250150997679e-06
1078,9.635250150997679e-06
1079,9.635250150997679e-06
1080,0.00011807629832233919
1081,8.252933532838947e-06
1082,2.3011542310011822e-05
1083,2.3011542310011822e-05
1084,8.252933532838947e-06
1085,6.560124745665972e-05
1086,6.560124745665972e-05
1087,8.252933532838947e-06
1088,6.560124745665972e-05
1089,8.252933532838947e-06
1090,8.252933532838947e-06
1091,6.560124745665972e-05
1092,8.252933532838947e-06
1093,8.252933532838947e-06
1094,6.560124745665972e-05
1095,8.252933532838947e-06
1096,6.560124745665972e-05
1097,8.252933532838947e-06
1098,8.252933532838947e-06
1099,8.252933532838947e-06
1100,6.560124745665972e-05
1101,8.252933532838947e-06
1102,6.560124745665972e-05
1103,8.252933532838947e-06
1104,6.560124745665972e-05
1105,6.560124745665972e-05
1106,6.560124745665972e-05
1107,0.00010677211830656427
1108,9.647154484729733e-06
1109,2.479015917881977e-05
1110,2.479015917881977e-05
1111,9.647154484729733e-06
1112,2.794827117155157e-05
1113,2.795035717398268e-05
1114,9.647154484729733e-06
1115,2.794827117155157e-05
1116,9.647154484729733e-06
1117,9.647154484729733e-06
1118,2.794827117155157e-05
1119,9.647154484729733e-06
1120,9.647154484729733e-06
1121,2.794827117155157e-05
1122,9.647154484729733e-06
1123,2.794827117155157e-05
1124,9.647154484729733e-06
1125,9.647154484729733e-06
1126,9.647154484729733e-06
1127,2.794827117155157e-05
1128,9.647154484729733e-06
1129,2.794827117155157e-05
1130,9.647154484729733e-06
1131,2.794827117155157e-05
1132,2.794827117155157e-05
1133,2.794827117155157e-05
1134,0.00017906123741834345
1135,2.7255112462867912e-05
1136,2.74466271856767e-05
1137,2.74466271856767e-05
1138,2.7255112462867912e-05
1139,6.485357032875936e-05
1140,6.641497043849615e-05
1141,2.7255112462867912e-05
1142,6.485357032875936e-05
1143,2.7255112462867912e-05
1144,2.7255112462867912e-05
1145,6.485357032875936e-05
1146,2.7255112462867912e-05
1147,2.7255112462867912e-05
1148,6.485357032875936e-05
1149,2.7255112462867912e-05
1150,6.485357032875936e-05
1151,2.7255112462867912e-05
1152,2.7255112462867912e-05
1153,2.7255112462867912e-05
1154,6.485357032875936e-05
1155,2.7255112462867912e-05
1156,6.485357032875936e-05
1157,2.7255112462867912e-05
1158,6.485357032875936e-05
1159,6.485357032875936e-05
1160,6.485357032875936e-05
1161,0.00011633318228961199
1162,1.8837977766881145e-05
1163,3.359246237814786e-05
1164,3.359246237814786e-05
1165,1.8837977766881145e-05
1166,2.7997892665460637e-05
1167,2.794325484961819e-05
1168,1.8837977766881145e-05
1169,2.7997892665460637e-05
1170,1.8837977766881145e-05
1171,1.8837977766881145e-05
1172,2.7997892665460637e-05
1173,1.8837977766881145e-05
1174,1.8837977766881145e-05
1175,2.7997892665460637e-05
1176,1.8837977766881145e-05
1177,2.7997892665460637e-05
1178,1.8837977766881145e-05
1179,1.8837977766881145e-05
1180,1.8837977766881145e-05
1181,2.7997892665460637e-05
1182,1.8837977766881145e-05
1183,2.7997892665460637e-05
1184,1.8837977766881145e-05
1185,2.7997892665460637e-05
1186,2.7997892665460637e-05
1187,2.7997892665460637e-05
1188,0.00019198520570903706
1189,3.693072161941928e-05
1190,3.693072161941928e-05
1191,3.693072161941928e-05
1192,3.693072161941928e-05
1193,8.756120029954814e-05
1194,9.107385830737916e-05
1195,3.693072161941928e-05
1196,8.756120029954814e-05
1197,3.693072161941928e-05
1198,3.693072161941928e-05
1199,8.756120029954814e-05
1200,3.693072161941928e-05
1201,3.693072161941928e-05
1202,8.756120029954814e-05
1203,3.693072161941928e-05
1204,8.756120029954814e-05
1205,3.693072161941928e-05
1206,3.693072161941928e-05
1207,3.693072161941928e-05
1208,8.756120029954814e-05
1209,3.693072161941928e-05
1210,8.756120029954814e-05
1211,3.693072161941928e-05
1212,8.756120029954814e-05
1213,8.756120029954814e-05
1214,8.756120029954814e-05
1215,0.00019002445588243806
1216,1.7059413947254076e-05
1217,1.6864496397874906e-05
1218,1.6864496397874906e-05
1219,1.7059413947254076e-05
1220,3.5219933048620675e-05
1221,3.5219933048620675e-05
1222,1.7059413947254076e-05
1223,3.5219933048620675e-05
1224,1.7059413947254076e-05
1225,1.7059413947254076e-05
1226,3.5219933048620675e-05
1227,1.7059413947254076e-05
1228,1.7059413947254076e-05
1229,3.5219933048620675e-05
1230,1.7059413947254076e-05
1231,3.5219933048620675e-05
1232,1.7059413947254076e-05
1233,1.7059413947254076e-05
1234,1.7059413947254076e-05
1235,3.5219933048620675e-05
1236,1.7059413947254076e-05
1237,3.5219933048620675e-05
1238,1.7059413947254076e-05
1239,3.5219933048620675e-05
1240,3.5219933048620675e-05
1241,3.5219933048620675e-05
1242,0.00012600655844383746
1243,6.632893784631741e-06
1244,2.138431395815656e-05
1245,2.138431395815656e-05
1246,6.632893784631741e-06
1247,1.383512543144234e-05
1248,1.383512543144234e-05
1249,6.632893784631741e-06
1250,1.383512543144234e-05
1251,6.632893784631741e-06
1252,6.632893784631741e-06
1253,1.383512543144234e-05
1254,6.632893784631741e-06
1255,6.632893784631741e-06
1256,1.383512543144234e-05
1257,6.632893784631741e-06
1258,1.383512543144234e-05
1259,6.632893784631741e-06
1260,6.632893784631741e-06
1261,6.632893784631741e-06
1262,1.383512543144234e-05
1263,6.632893784631741e-06
1264,1.383512543144234e-05
1265,6.632893784631741e-06
1266,1.383512543144234e-05
1267,1.383512543144234e-05
1268,1.383512543144234e-05
1269,0.00013904577798103763
1270,8.851133471569524e-06
1271,8.836351339425717e-06
1272,8.836351339425717e-06
1273,8.851133471569524e-06
1274,9.471955418133817e-06
1275,9.131860414994677e-06
1276,8.851133471569524e-06
1277,9.471955418133817e-06
1278,8.851133471569524e-06
1279,8.851133471569524e-06
1280,9.471955418133817e-06
1281,8.851133471569524e-06
1282,8.851133471569524e-06
1283,9.471955418133817e-06
1284,8.851133471569524e-06
1285,9.471955418133817e-06
1286,8.851133471569524e-06
1287,8.851133471569524e-06
1288,8.851133471569524e-06
1289,9.471955418133817e-06
1290,8.851133471569524e-06
1291,9.471955418133817e-06
1292,8.851133471569524e-06
1293,9.471955418133817e-06
1294,9.471955418133817e-06
1295,9.471955418133817e-06
1296,0.00011066856229603824
1297,8.408940599034117e-06
1298,8.312336060746784e-06
1299,8.312336060746784e-06
1300,8.408940599034117e-06
1301,7.327882522945392e-06
1302,7.270588628211655e-06
1303,8.408940599034117e-06
1304,7.327882522945392e-06
1305,8.408940599034117e-06
1306,8.408940599034117e-06
1307,7.327882522945392e-06
1308,8.408940599034117e-06
1309,8.408940599034117e-06
1310,7.327882522945392e-06
1311,8.408940599034117e-06
1312,7.327882522945392e-06
1313,8.408940599034117e-06
1314,8.408940599034117e-06
1315,8.408940599034117e-06
1316,7.327882522945392e-06
1317,8.408940599034117e-06
1318,7.327882522945392e-06
1319,8.408940599034117e-06
1320,7.327882522945392e-06
1321,7.327882522945392e-06
1322,7.327882522945392e-06
1323,6.673215316176944e-05
1324,9.28528431139559e-06
1325,2.404389308856846e-05
1326,2.404389308856846e-05
1327,9.28528431139559e-06
1328,1.2471893925483696e-05
1329,1.6110573622388714e-05
1330,9.28528431139559e-06
1331,1.2471893925483696e-05
1332,9.28528431139559e-06
1333,9.28528431139559e-06
1334,1.2471893925483696e-05
1335,9.28528431139559e-06
1336,9.28528431139559e-06
1337,1.2471893925483696e-05
1338,9.28528431139559e-06
1339,1.2471893925483696e-05
1340,9.28528431139559e-06
1341,9.28528431139559e-06
1342,9.28528431139559e-06
1343,1.2471893925483696e-05
1344,9.28528431139559e-06
1345,1.2471893925483696e-05
1346,9.28528431139559e-06
1347,1.2471893925483696e-05
1348,1.2471893925483696e-05
1349,1.2471893925483696e-05
1350,0.00024056432135190843
1351,3.1101157925642994e-05
1352,3.1101157925642994e-05
1353,3.1101157925642994e-05
1354,3.1101157925642994e-05
1355,9.734286614099025e-05
1356,9.890426625072705e-05
1357,3.1101157925642994e-05
1358,9.734286614099025e-05
1359,3.1101157925642994e-05
1360,3.1101157925642994e-05
1361,9.734286614099025e-05
1362,3.1101157925642994e-05
1363,3.1101157925642994e-05
1364,9.734286614099025e-05
1365,3.1101157925642994e-05
1366,9.734286614099025e-05
1367,3.1101157925642994e-05
1368,3.1101157925642994e-05
1369,3.1101157925642994e-05
1370,9.734286614099025e-05
1371,3.1101157925642994e-05
1372,9.734286614099025e-05
1373,3.1101157925642994e-05
1374,9.734286614099025e-05
1375,9.734286614099025e-05
1376,9.734286614099025e-05
1377,0.00013261213461508272
1378,2.7935382942907703e-05
1379,4.269359385549615e-05
1380,4.269359385549615e-05
1381,2.7935382942907703e-05
1382,3.333053359374017e-05
1383,3.345997727828152e-05
1384,2.7935382942907703e-05
1385,3.333053359374017e-05
1386,2.7935382942907703e-05
1387,2.7935382942907703e-05
1388,3.333053359374017e-05
1389,2.7935382942907703e-05
1390,2.7935382942907703e-05
1391,3.333053359374017e-05
1392,2.7935382942907703e-05
1393,3.333053359374017e-05
1394,2.7935382942907703e-05
1395,2.7935382942907703e-05
1396,2.7935382942907703e-05
1397,3.333053359374017e-05
1398,2.7935382942907703e-05
1399,3.333053359374017e-05
1400,2.7935382942907703e-05
1401,3.333053359374017e-05
1402,3.333053359374017e-05
1403,3.333053359374017e-05
1404,6.152030574238933e-05
1405,9.817173658505645e-06
1406,9.62429246439726e-06
1407,9.62429246439726e-06
1408,9.817173658505645e-06
1409,8.548875690099115e-06
1410,1.2177018325366077e-05
1411,9.817173658505645e-06
1412,8.548875690099115e-06
1413,9.817173658505645e-06
1414,9.817173658505645e-06
1415,8.548875690099115e-06
1416,9.817173658505645e-06
1417,9.817173658505645e-06
1418,8.548875690099115e-06
1419,9.817173658505645e-06
1420,8.548875690099115e-06
1421,9.817173658505645e-06
1422,9.817173658505645e-06
1423,9.817173658505645e-06
1424,8.548875690099115e-06
1425,9.817173658505645e-06
1426,8.548875690099115e-06
1427,9.817173658505645e-06
1428,8.548875690099115e-06
1429,8.548875690099115e-06
1430,8.548875690099115e-06
1431,0.00011678643347235736
1432,9.656864965313858e-06
1433,9.488406655054763e-06
1434,9.488406655054763e-06
1435,9.656864965313858e-06
1436,8.30227408456465e-06
1437,7.96217908142551e-06
1438,9.656864965313858e-06
1439,8.30227408456465e-06
1440,9.656864965313858e-06
1441,9.656864965313858e-06
1442,8.30227408456465e-06
1443,9.656864965313858e-06
1444,9.656864965313858e-06
1445,8.30227408456465e-06
1446,9.656864965313858e-06
1447,8.30227408456465e-06
1448,9.656864965313858e-06
1449,9.656864965313858e-06
1450,9.656864965313858e-06
1451,8.30227408456465e-06
1452,9.656864965313858e-06
1453,8.30227408456465e-06
1454,9.656864965313858e-06
1455,8.30227408456465e-06
1456,8.30227408456465e-06
1457,8.30227408456465e-06
1458,0.00013450309568820926
1459,4.2120481999168195e-05
1460,4.192760080505981e-05
1461,4.192760080505981e-05
1462,4.2120481999168195e-05
1463,7.851032802365132e-05
1464,7.851032802365132e-05
1465,4.2120481999168195e-05
1466,7.851032802365132e-05
1467,4.2120481999168195e-05
1468,4.2120481999168195e-05
1469,7.851032802365132e-05
1470,4.2120481999168195e-05
1471,4.2120481999168195e-05
1472,7.851032802365132e-05
1473,4.2120481999168195e-05
1474,7.851032802365132e-05
1475,4.2120481999168195e-05
1476,4.2120481999168195e-05
1477,4.2120481999168195e-05
1478,7.851032802365132e-05
1479,4.2120481999168195e-05
1480,7.851032802365132e-05
1481,4.2120481999168195e-05
1482,7.851032802365132e-05
1483,7.851032802365132e-05
1484,7.851032802365132e-05
1485,9.066271753948813e-05
1486,8.893685345835382e-06
1487,8.700804151726993e-06
1488,8.700804151726993e-06
1489,8.893685345835382e-06
1490,9.057110165139174e-06
1491,1.2695789862044192e-05
1492,8.893685345835382e-06
1493,9.057110165139174e-06
1494,8.893685345835382e-06
1495,8.893685345835382e-06
1496,9.057110165139174e-06
1497,8.893685345835382e-06
1498,8.893685345835382e-06
1499,9.057110165139174e-06
1500,8.893685345835382e-06
1501,9.057110165139174e-06
1502,8.893685345835382e-06
1503,8.893685345835382e-06
1504,8.893685345835382e-06
1505,9.057110165139174e-06
1506,8.893685345835382e-06
1507,9.057110165139174e-06
1508,8.893685345835382e-06
1509,9.057110165139174e-06
1510,9.057110165139174e-06
1511,9.057110165139174e-06
1512,2.8585093402425596e-05
1513,8.573125731164369e-06
1514,8.38024453705598e-06
1515,8.38024453705598e-06
1516,8.573125731164369e-06
1517,7.515962128656772e-06
1518,1.1144104763923733e-05
1519,8.573125731164369e-06
1520,7.515962128656772e-06
1521,8.573125731164369e-06
1522,8.573125731164369e-06
1523,7.515962128656772e-06
1524,8.573125731164369e-06
1525,8.573125731164369e-06
1526,7.515962128656772e-06
1527,8.573125731164369e-06
1528,7.515962128656772e-06
1529,8.573125731164369e-06
1530,8.573125731164369e-06
1531,8.573125731164369e-06
1532,7.515962128656772e-06
1533,8.573125731164369e-06
1534,7.515962128656772e-06
1535,8.573125731164369e-06
1536,7.515962128656772e-06
1537,7.515962128656772e-06
1538,7.515962128656772e-06
1539,6.199742261749225e-05
1540,1.0138657886606287e-05
1541,9.941652526591756e-06
1542,9.941652526591756e-06
1543,1.0138657886606287e-05
1544,7.912643353101558e-06
1545,1.1467879481549172e-05
1546,1.0138657886606287e-05
1547,7.912643353101558e-06
1548,1.0138657886606287e-05
1549,1.0138657886606287e-05
1550,7.912643353101558e-06
1551,1.0138657886606287e-05
1552,1.0138657886606287e-05
1553,7.912643353101558e-06
1554,1.0138657886606287e-05
1555,7.912643353101558e-06
1556,1.0138657886606287e-05
1557,1.0138657886606287e-05
1558,1.0138657886606287e-05
1559,7.912643353101558e-06
1560,1.0138657886606287e-05
1561,7.912643353101558e-06
1562,1.0138657886606287e-05
1563,7.912643353101558e-06
1564,7.912643353101558e-06
1565,7.912643353101558e-06
1566,8.98883404609249e-05
1567,7.697693839048232e-06
1568,2.3152448160644928e-05
1569,2.3152448160644928e-05
1570,7.697693839048232e-06
1571,7.407829429007722e-06
1572,1.0991996611139526e-05
1573,7.697693839048232e-06
1574,7.407829429007722e-06
1575,7.697693839048232e-06
1576,7.697693839048232e-06
1577,7.407829429007722e-06
1578,7.697693839048232e-06
1579,7.697693839048232e-06
1580,7.407829429007722e-06
1581,7.697693839048232e-06
1582,7.407829429007722e-06
1583,7.697693839048232e-06
1584,7.697693839048232e-06
1585,7.697693839048232e-06
1586,7.407829429007722e-06
1587,7.697693839048232e-06
1588,7.407829429007722e-06
1589,7.697693839048232e-06
1590,7.407829429007722e-06
1591,7.407829429007722e-06
1592,7.407829429007722e-06
1593,4.398007309135744e-05
1594,9.57789588208405e-06
1595,9.380890522069516e-06
1596,9.380890522069516e-06
1597,9.57789588208405e-06
1598,8.224484685154765e-06
1599,1.1852627320421727e-05
1600,9.57789588208405e-06
1601,8.224484685154765e-06
1602,9.57789588208405e-06
1603,9.57789588208405e-06
1604,8.224484685154765e-06
1605,9.57789588208405e-06
1606,9.57789588208405e-06
1607,8.224484685154765e-06
1608,9.57789588208405e-06
1609,8.224484685154765e-06
1610,9.57789588208405e-06
1611,9.57789588208405e-06
1612,9.57789588208405e-06
1613,8.224484685154765e-06
1614,9.57789588208405e-06
1615,8.224484685154765e-06
1616,9.57789588208405e-06
1617,8.224484685154765e-06
1618,8.224484685154765e-06
1619,8.224484685154765e-06
1620,0.00010982425917097893
1621,8.300737281395434e-06
1622,8.103731921380903e-06
1623,8.103731921380903e-06
1624,8.300737281395434e-06
1625,7.36601369330022e-06
1626,1.1091041230918462e-05
1627,8.300737281395434e-06
1628,7.36601369330022e-06
1629,8.300737281395434e-06
1630,8.300737281395434e-06
1631,7.36601369330022e-06
1632,8.300737281395434e-06
1633,8.300737281395434e-06
1634,7.36601369330022e-06
1635,8.300737281395434e-06
1636,7.36601369330022e-06
1637,8.300737281395434e-06
1638,8.300737281395434e-06
1639,8.300737281395434e-06
1640,7.36601369330022e-06
1641,8.300737281395434e-06
1642,7.36601369330022e-06
1643,8.300737281395434e-06
1644,7.36601369330022e-06
1645,7.36601369330022e-06
1646,7.36601369330022e-06
1647,0.00020217047471392987
1648,0.00011194450809965428
1649,0.00011175122904096146
1650,0.00011175122904096146
1651,0.00011194450809965428
1652,0.00011750486725171812
1653,0.00012149201401635326
1654,0.00011194450809965428
1655,0.00011750486725171812
1656,0.00011194450809965428
1657,0.00011194450809965428
1658,0.00011750486725171812
1659,0.00011194450809965428
1660,0.00011194450809965428
1661,0.00011750486725171812
1662,0.00011194450809965428
1663,0.00011750486725171812
1664,0.00011194450809965428
1665,0.00011194450809965428
1666,0.00011194450809965428
1667,0.00011750486725171812
1668,0.00011194450809965428
1669,0.00011750486725171812
1670,0.00011194450809965428
1671,0.00011750486725171812
1672,0.00011750486725171812
1673,0.00011750486725171812
1674,0.0001905628320694482
1675,1.119214447337494e-05
1676,2.5950355385963375e-05
1677,2.5950355385963375e-05
1678,1.119214447337494e-05
1679,1.873995684297276e-05
1680,1.834198469345155e-05
1681,1.119214447337494e-05
1682,1.873995684297276e-05
1683,1.119214447337494e-05
1684,1.119214447337494e-05
1685,1.873995684297276e-05
1686,1.119214447337494e-05
1687,1.119214447337494e-05
1688,1.873995684297276e-05
1689,1.119214447337494e-05
1690,1.873995684297276e-05
1691,1.119214447337494e-05
1692,1.119214447337494e-05
1693,1.119214447337494e-05
1694,1.873995684297276e-05
1695,1.119214447337494e-05
1696,1.873995684297276e-05
1697,1.119214447337494e-05
1698,1.873995684297276e-05
1699,1.873995684297276e-05
1700,1.873995684297276e-05
1701,6.456375666973789e-05
1702,1.7388616165044446e-05
1703,1.719369861566528e-05
1704,1.719369861566528e-05
1705,1.7388616165044446e-05
1706,2.2070657833230184e-05
1707,2.5698800468497144e-05
1708,1.7388616165044446e-05
1709,2.2070657833230184e-05
1710,1.7388616165044446e-05
1711,1.7388616165044446e-05
1712,2.2070657833230184e-05
1713,1.7388616165044446e-05
1714,1.7388616165044446e-05
1715,2.2070657833230184e-05
1716,1.7388616165044446e-05
1717,2.2070657833230184e-05
1718,1.7388616165044446e-05
1719,1.7388616165044446e-05
1720,1.7388616165044446e-05
1721,2.2070657833230184e-05
1722,1.7388616165044446e-05
1723,2.2070657833230184e-05
1724,1.7388616165044446e-05
1725,2.2070657833230184e-05
1726,2.2070657833230184e-05
1727,2.2070657833230184e-05
1728,0.00019692047789722218
1729,1.107392318997828e-05
1730,1.0881908165341082e-05
1731,1.0881908165341082e-05
1732,1.107392318997828e-05
1733,2.073095669089833e-05
1734,2.2292356800635125e-05
1735,1.107392318997828e-05
1736,2.073095669089833e-05
1737,1.107392318997828e-05
1738,1.107392318997828e-05
1739,2.073095669089833e-05
1740,1.107392318997828e-05
1741,1.107392318997828e-05
1742,2.073095669089833e-05
1743,1.107392318997828e-05
1744,2.073095669089833e-05
1745,1.107392318997828e-05
1746,1.107392318997828e-05
1747,1.107392318997828e-05
1748,2.073095669089833e-05
1749,1.107392318997828e-05
1750,2.073095669089833e-05
1751,1.107392318997828e-05
1752,2.073095669089833e-05
1753,2.073095669089833e-05
1754,2.073095669089833e-05
1755,0.00014991690597995988
1756,7.372089495276558e-06
1757,7.175084135262027e-06
1758,7.175084135262027e-06
1759,7.372089495276558e-06
1760,3.065705912164903e-05
1761,3.255226904648286e-05
1762,7.372089495276558e-06
1763,3.065705912164903e-05
1764,7.372089495276558e-06
1765,7.372089495276558e-06
1766,3.065705912164903e-05
1767,7.372089495276558e-06
1768,7.372089495276558e-06
1769,3.065705912164903e-05
1770,7.372089495276558e-06
1771,3.065705912164903e-05
1772,7.372089495276558e-06
1773,7.372089495276558e-06
1774,7.372089495276558e-06
1775,3.065705912164903e-05
1776,7.372089495276558e-06
1777,3.065705912164903e-05
1778,7.372089495276558e-06
1779,3.065705912164903e-05
1780,3.065705912164903e-05
1781,3.065705912164903e-05
1782,0.00019384936258524067
1783,3.0569783960490795e-05
1784,3.037650490179798e-05
1785,3.037650490179798e-05
1786,3.0569783960490795e-05
1787,5.2883929014960834e-05
1788,5.2883929014960834e-05
1789,3.0569783960490795e-05
1790,5.2883929014960834e-05
1791,3.0569783960490795e-05
1792,3.0569783960490795e-05
1793,5.2883929014960834e-05
1794,3.0569783960490795e-05
1795,3.0569783960490795e-05
1796,5.2883929014960834e-05
1797,3.0569783960490795e-05
1798,5.2883929014960834e-05
1799,3.0569783960490795e-05
1800,3.0569783960490795e-05
1801,3.0569783960490795e-05
1802,5.2883929014960834e-05
1803,3.0569783960490795e-05
1804,5.2883929014960834e-05
1805,3.0569783960490795e-05
1806,5.2883929014960834e-05
1807,5.2883929014960834e-05
1808,5.2883929014960834e-05
1809,7.578384933801382e-05
1810,3.0127706713648266e-06
1811,2.819889477256438e-06
1812,2.819889477256438e-06
1813,3.0127706713648266e-06
1814,4.021742582341022e-05
1815,4.021742582341022e-05
1816,3.0127706713648266e-06
1817,4.021742582341022e-05
1818,3.0127706713648266e-06
1819,3.0127706713648266e-06
1820,4.021742582341022e-05
1821,3.0127706713648266e-06
1822,3.0127706713648266e-06
1823,4.021742582341022e-05
1824,3.0127706713648266e-06
1825,4.021742582341022e-05
1826,3.0127706713648266e-06
1827,3.0127706713648266e-06
1828,3.0127706713648266e-06
1829,4.021742582341022e-05
1830,3.0127706713648266e-06
1831,4.021742582341022e-05
1832,3.0127706713648266e-06
1833,4.021742582341022e-05
1834,4.021742582341022e-05
1835,4.021742582341022e-05
1836,0.00015979041461437223
1837,0.00011511297078957246
1838,0.00011492095576493526
1839,0.00011492095576493526
1840,0.00011511297078957246
1841,0.00011490161827996843
1842,0.00011479222174603638
1843,0.00011511297078957246
1844,0.00011490161827996843
1845,0.00011511297078957246
1846,0.00011511297078957246
1847,0.00011490161827996843
1848,0.00011511297078957246
1849,0.00011511297078957246
1850,0.00011490161827996843
1851,0.00011511297078957246
1852,0.00011490161827996843
1853,0.00011511297078957246
1854,0.00011511297078957246
1855,0.00011511297078957246
1856,0.00011490161827996843
1857,0.00011511297078957246
1858,0.00011490161827996843
1859,0.00011511297078957246
1860,0.00011490161827996843
1861,0.00011490161827996843
1862,0.00011490161827996843
1863,0.0001559327447798932
1864,8.270349619034255e-06
1865,8.07746842492587e-06
1866,8.07746842492587e-06
1867,8.270349619034255e-06
1868,8.709511874476537e-06
1869,1.2333652418670724e-05
1870,8.270349619034255e-06
1871,8.709511874476537e-06
1872,8.270349619034255e-06
1873,8.270349619034255e-06
1874,8.709511874476537e-06
1875,8.270349619034255e-06
1876,8.270349619034255e-06
1877,8.709511874476537e-06
1878,8.270349619034255e-06
1879,8.709511874476537e-06
1880,8.270349619034255e-06
1881,8.270349619034255e-06
1882,8.270349619034255e-06
1883,8.709511874476537e-06
1884,8.270349619034255e-06
1885,8.709511874476537e-06
1886,8.270349619034255e-06
1887,8.709511874476537e-06
1888,8.709511874476537e-06
1889,8.709511874476537e-06
1890,0.00012266313392225581
1891,9.659052129719095e-06
1892,2.441726304230754e-05
1893,2.441726304230754e-05
1894,9.659052129719095e-06
1895,8.941512026572196e-06
1896,1.249674815501981e-05
1897,9.659052129719095e-06
1898,8.941512026572196e-06
1899,9.659052129719095e-06
1900,9.659052129719095e-06
1901,8.941512026572196e-06
1902,9.659052129719095e-06
1903,9.659052129719095e-06
1904,8.941512026572196e-06
1905,9.659052129719095e-06
1906,8.941512026572196e-06
1907,9.659052129719095e-06
1908,9.659052129719095e-06
1909,9.659052129719095e-06
1910,8.941512026572196e-06
1911,9.659052129719095e-06
1912,8.941512026572196e-06
1913,9.659052129719095e-06
1914,8.941512026572196e-06
1915,8.941512026572196e-06
1916,8.941512026572196e-06
1917,0.00014488170900161263
1918,6.978328391325499e-06
1919,6.781323031310968e-06
1920,6.781323031310968e-06
1921,6.978328391325499e-06
1922,2.362934879939878e-05
1923,2.5190748909135577e-05
1924,6.978328391325499e-06
1925,2.362934879939878e-05
1926,6.978328391325499e-06
1927,6.978328391325499e-06
1928,2.362934879939878e-05
1929,6.978328391325499e-06
1930,6.978328391325499e-06
1931,2.362934879939878e-05
1932,6.978328391325499e-06
1933,2.362934879939878e-05
1934,6.978328391325499e-06
1935,6.978328391325499e-06
1936,6.978328391325499e-06
1937,2.362934879939878e-05
1938,6.978328391325499e-06
1939,2.362934879939878e-05
1940,6.978328391325499e-06
1941,2.362934879939878e-05
1942,2.362934879939878e-05
1943,2.362934879939878e-05
1944,8.379501681147096e-05
1945,5.174451484264366e-05
1946,5.1547509482629126e-05
1947,5.1547509482629126e-05
1948,5.174451484264366e-05
1949,5.069790539860982e-05
1950,5.0591164943569054e-05
1951,5.174451484264366e-05
1952,5.069790539860982e-05
1953,5.174451484264366e-05
1954,5.174451484264366e-05
1955,5.069790539860982e-05
1956,5.174451484264366e-05
1957,5.174451484264366e-05
1958,5.069790539860982e-05
1959,5.174451484264366e-05
1960,5.069790539860982e-05
1961,5.174451484264366e-05
1962,5.174451484264366e-05
1963,5.174451484264366e-05
1964,5.069790539860982e-05
1965,5.174451484264366e-05
1966,5.069790539860982e-05
1967,5.174451484264366e-05
1968,5.069790539860982e-05
1969,5.069790539860982e-05
1970,5.069790539860982e-05
1971,0.00016428052394995657
1972,6.961502443245568e-06
1973,6.767177196248537e-06
1974,6.767177196248537e-06
1975,6.961502443245568e-06
1976,2.4475892958067866e-05
1977,2.403534268793007e-05
1978,6.961502443245568e-06
1979,2.4475892958067866e-05
1980,6.961502443245568e-06
1981,6.961502443245568e-06
1982,2.4475892958067866e-05
1983,6.961502443245568e-06
1984,6.961502443245568e-06
1985,2.4475892958067866e-05
1986,6.961502443245568e-06
1987,2.4475892958067866e-05
1988,6.961502443245568e-06
1989,6.961502443245568e-06
1990,6.961502443245568e-06
1991,2.4475892958067866e-05
1992,6.961502443245568e-06
1993,2.4475892958067866e-05
1994,6.961502443245568e-06
1995,2.4475892958067866e-05
1996,2.4475892958067866e-05
1997,2.4475892958067866e-05
1998,0.0002107123895180604
1999,3.6154237208188536e-05
2000,3.596135601408015e-05
2001,3.596135601408015e-05
2002,3.6154237208188536e-05
2003,6.481502872077334e-05
2004,6.481502872077334e-05
2005,3.6154237208188536e-05
2006,6.481502872077334e-05
2007,3.6154237208188536e-05
2008,3.6154237208188536e-05
2009,6.481502872077334e-05
2010,3.6154237208188536e-05
2011,3.6154237208188536e-05
2012,6.481502872077334e-05
2013,3.6154237208188536e-05
2014,6.481502872077334e-05
2015,3.6154237208188536e-05
2016,3.6154237208188536e-05
2017,3.6154237208188536e-05
2018,6.481502872077334e-05
2019,3.6154237208188536e-05
2020,6.481502872077334e-05
2021,3.6154237208188536e-05
2022,6.481502872077334e-05
2023,6.481502872077334e-05
2024,6.481502872077334e-05
2025,0.00014995437950903666
2026,3.146192922493161e-05
2027,3.1269048030823224e-05
2028,3.1269048030823224e-05
2029,3.146192922493161e-05
2030,6.579050215766048e-05
2031,6.540205452672101e-05
2032,3.146192922493161e-05
2033,6.579050215766048e-05
2034,3.146192922493161e-05
2035,3.146192922493161e-05
2036,6.579050215766048e-05
2037,3.146192922493161e-05
2038,3.146192922493161e-05
2039,6.579050215766048e-05
2040,3.146192922493161e-05
2041,6.579050215766048e-05
2042,3.146192922493161e-05
2043,3.146192922493161e-05
2044,3.146192922493161e-05
2045,6.579050215766048e-05
2046,3.146192922493161e-05
2047,6.579050215766048e-05
2048,3.146192922493161e-05
2049,6.579050215766048e-05
2050,6.579050215766048e-05
2051,6.579050215766048e-05
2052,0.00010122481196679818
2053,2.3497093927225046e-05
2054,2.330421273311666e-05
2055,2.330421273311666e-05
2056,2.3497093927225046e-05
2057,3.86464839445842e-05
2058,4.225959721941388e-05
2059,2.3497093927225046e-05
2060,3.86464839445842e-05
2061,2.3497093927225046e-05
2062,2.3497093927225046e-05
2063,3.86464839445842e-05
2064,2.3497093927225046e-05
2065,2.3497093927225046e-05
2066,3.86464839445842e-05
2067,2.3497093927225046e-05
2068,3.86464839445842e-05
2069,2.3497093927225046e-05
2070,2.3497093927225046e-05
2071,2.3497093927225046e-05
2072,3.86464839445842e-05
2073,2.3497093927225046e-05
2074,3.86464839445842e-05
2075,2.3497093927225046e-05
2076,3.86464839445842e-05
2077,3.86464839445842e-05
2078,3.86464839445842e-05
2079,0.00013921185897176606
2080,4.023749208506645e-05
2081,4.0044610890958063e-05
2082,4.0044610890958063e-05
2083,4.023749208506645e-05
2084,5.922960191993509e-05
2085,5.9246227075077025e-05
2086,4.023749208506645e-05
2087,5.922960191993509e-05
2088,4.023749208506645e-05
2089,4.023749208506645e-05
2090,5.922960191993509e-05
2091,4.023749208506645e-05
2092,4.023749208506645e-05
2093,5.922960191993509e-05
2094,4.023749208506645e-05
2095,5.922960191993509e-05
2096,4.023749208506645e-05
2097,4.023749208506645e-05
2098,4.023749208506645e-05
2099,5.922960191993509e-05
2100,4.023749208506645e-05
2101,5.922960191993509e-05
2102,4.023749208506645e-05
2103,5.922960191993509e-05
2104,5.922960191993509e-05
2105,5.922960191993509e-05
2106,0.000147365634658497
2107,2.1090808133362193e-05
2108,2.089380277334766e-05
2109,2.089380277334766e-05
2110,2.1090808133362193e-05
2111,5.324737015674549e-05
2112,5.697239769436374e-05
2113,2.1090808133362193e-05
2114,5.324737015674549e-05
2115,2.1090808133362193e-05
2116,2.1090808133362193e-05
2117,5.324737015674549e-05
2118,2.1090808133362193e-05
2119,2.1090808133362193e-05
2120,5.324737015674549e-05
2121,2.1090808133362193e-05
2122,5.324737015674549e-05
2123,2.1090808133362193e-05
2124,2.1090808133362193e-05
2125,2.1090808133362193e-05
2126,5.324737015674549e-05
2127,2.1090808133362193e-05
2128,5.324737015674549e-05
2129,2.1090808133362193e-05
2130,5.324737015674549e-05
2131,5.324737015674549e-05
2132,5.324737015674549e-05
2133,0.0001696293890384583
2134,2.0013017938925857e-05
2135,1.9818692691928826e-05
2136,1.9818692691928826e-05
2137,2.0013017938925857e-05
2138,5.29275996437172e-05
2139,5.844220803142282e-05
2140,2.0013017938925857e-05
2141,5.29275996437172e-05
2142,2.0013017938925857e-05
2143,2.0013017938925857e-05
2144,5.29275996437172e-05
2145,2.0013017938925857e-05
2146,2.0013017938925857e-05
2147,5.29275996437172e-05
2148,2.0013017938925857e-05
2149,5.29275996437172e-05
2150,2.0013017938925857e-05
2151,2.0013017938925857e-05
2152,2.0013017938925857e-05
2153,5.29275996437172e-05
2154,2.0013017938925857e-05
2155,5.29275996437172e-05
2156,2.0013017938925857e-05
2157,5.29275996437172e-05
2158,5.29275996437172e-05
2159,5.29275996437172e-05
2160,0.00014556628313909094
2161,1.251065576188669e-05
2162,1.2317774567778302e-05
2163,1.2317774567778302e-05
2164,1.251065576188669e-05
2165,1.758654393179097e-05
2166,1.758654393179097e-05
2167,1.251065576188669e-05
2168,1.758654393179097e-05
2169,1.251065576188669e-05
2170,1.251065576188669e-05
2171,1.758654393179097e-05
2172,1.251065576188669e-05
2173,1.251065576188669e-05
2174,1.758654393179097e-05
2175,1.251065576188669e-05
2176,1.758654393179097e-05
2177,1.251065576188669e-05
2178,1.251065576188669e-05
2179,1.251065576188669e-05
2180,1.758654393179097e-05
2181,1.251065576188669e-05
2182,1.758654393179097e-05
2183,1.251065576188669e-05
2184,1.758654393179097e-05
2185,1.758654393179097e-05
2186,1.758654393179097e-05
2187,0.00015899416412287816
2188,6.837634948688936e-06
2189,6.644355889996119e-06
2190,6.644355889996119e-06
2191,6.837634948688936e-06
2192,2.5358552043123325e-05
2193,2.5018457039984184e-05
2194,6.837634948688936e-06
2195,2.5358552043123325e-05
2196,6.837634948688936e-06
2197,6.837634948688936e-06
2198,2.5358552043123325e-05
2199,6.837634948688936e-06
2200,6.837634948688936e-06
2201,2.5358552043123325e-05
2202,6.837634948688936e-06
2203,2.5358552043123325e-05
2204,6.837634948688936e-06
2205,6.837634948688936e-06
2206,6.837634948688936e-06
2207,2.5358552043123325e-05
2208,6.837634948688936e-06
2209,2.5358552043123325e-05
2210,6.837634948688936e-06
2211,2.5358552043123325e-05
2212,2.5358552043123325e-05
2213,2.5358552043123325e-05
2214,0.00020536313326351233
2215,6.0921038563582356e-05
2216,6.072096876582591e-05
2217,6.072096876582591e-05
2218,6.0921038563582356e-05
2219,6.041746176460791e-05
2220,6.002901413366842e-05
2221,6.0921038563582356e-05
2222,6.041746176460791e-05
2223,6.0921038563582356e-05
2224,6.0921038563582356e-05
2225,6.041746176460791e-05
2226,6.0921038563582356e-05
2227,6.0921038563582356e-05
2228,6.041746176460791e-05
2229,6.0921038563582356e-05
2230,6.041746176460791e-05
2231,6.0921038563582356e-05
2232,6.0921038563582356e-05
2233,6.0921038563582356e-05
2234,6.041746176460791e-05
2235,6.0921038563582356e-05
2236,6.041746176460791e-05
2237,6.0921038563582356e-05
2238,6.041746176460791e-05
2239,6.041746176460791e-05
2240,6.041746176460791e-05
2241,0.00012471330172902117
2242,3.2801980759066333e-05
2243,4.756058953623921e-05
2244,4.756058953623921e-05
2245,3.2801980759066333e-05
2246,4.7849751778315166e-05
2247,5.1477894413582126e-05
2248,3.2801980759066333e-05
2249,4.7849751778315166e-05
2250,3.2801980759066333e-05
2251,3.2801980759066333e-05
2252,4.7849751778315166e-05
2253,3.2801980759066333e-05
2254,3.2801980759066333e-05
2255,4.7849751778315166e-05
2256,3.2801980759066333e-05
2257,4.7849751778315166e-05
2258,3.2801980759066333e-05
2259,3.2801980759066333e-05
2260,3.2801980759066333e-05
2261,4.7849751778315166e-05
2262,3.2801980759066333e-05
2263,4.7849751778315166e-05
2264,3.2801980759066333e-05
2265,4.7849751778315166e-05
2266,4.7849751778315166e-05
2267,4.7849751778315166e-05
2268,0.00015505685335535636
2269,1.0031747024767383e-05
2270,9.834741664752853e-06
2271,9.834741664752853e-06
2272,1.0031747024767383e-05
2273,1.0076009657237644e-05
2274,1.3640770304266987e-05
2275,1.0031747024767383e-05
2276,1.0076009657237644e-05
2277,1.0031747024767383e-05
2278,1.0031747024767383e-05
2279,1.0076009657237644e-05
2280,1.0031747024767383e-05
2281,1.0031747024767383e-05
2282,1.0076009657237644e-05
2283,1.0031747024767383e-05
2284,1.0076009657237644e-05
2285,1.0031747024767383e-05
2286,1.0031747024767383e-05
2287,1.0031747024767383e-05
2288,1.0076009657237644e-05
2289,1.0031747024767383e-05
2290,1.0076009657237644e-05
2291,1.0031747024767383e-05
2292,1.0076009657237644e-05
2293,1.0076009657237644e-05
2294,1.0076009657237644e-05
2295,0.00010253124669397522
2296,9.73627474429134e-06
2297,9.532109939061045e-06
2298,9.532109939061045e-06
2299,9.73627474429134e-06
2300,8.277762036756815e-06
2301,8.171021581716058e-06
2302,9.73627474429134e-06
2303,8.277762036756815e-06
2304,9.73627474429134e-06
2305,9.73627474429134e-06
2306,8.277762036756815e-06
2307,9.73627474429134e-06
2308,9.73627474429134e-06
2309,8.277762036756815e-06
2310,9.73627474429134e-06
2311,8.277762036756815e-06
2312,9.73627474429134e-06
2313,9.73627474429134e-06
2314,9.73627474429134e-06
2315,8.277762036756815e-06
2316,9.73627474429134e-06
2317,8.277762036756815e-06
2318,9.73627474429134e-06
2319,8.277762036756815e-06
2320,8.277762036756815e-06
2321,8.277762036756815e-06
2322,0.00020123072099244668
2323,9.24899701395599e-05
2324,9.268148486236868e-05
2325,9.268148486236868e-05
2326,9.24899701395599e-05
2327,0.00012672787316041505
2328,0.00012672787316041505
2329,9.24899701395599e-05
2330,0.00012672787316041505
2331,9.24899701395599e-05
2332,9.24899701395599e-05
2333,0.00012672787316041505
2334,9.24899701395599e-05
2335,9.24899701395599e-05
2336,0.00012672787316041505
2337,9.24899701395599e-05
2338,0.00012672787316041505
2339,9.24899701395599e-05
2340,9.24899701395599e-05
2341,9.24899701395599e-05
2342,0.00012672787316041505
2343,9.24899701395599e-05
2344,0.00012672787316041505
2345,9.24899701395599e-05
2346,0.00012672787316041505
2347,0.00012672787316041505
2348,0.00012672787316041505
2349,0.00012141022783727727
2350,4.23972002990054e-05
2351,4.220019493899087e-05
2352,4.220019493899087e-05
2353,4.23972002990054e-05
2354,7.797797800007936e-05
2355,8.159109127490904e-05
2356,4.23972002990054e-05
2357,7.797797800007936e-05
2358,4.23972002990054e-05
2359,4.23972002990054e-05
2360,7.797797800007936e-05
2361,4.23972002990054e-05
2362,4.23972002990054e-05
2363,7.797797800007936e-05
2364,4.23972002990054e-05
2365,7.797797800007936e-05
2366,4.23972002990054e-05
2367,4.23972002990054e-05
2368,4.23972002990054e-05
2369,7.797797800007936e-05
2370,4.23972002990054e-05
2371,7.797797800007936e-05
2372,4.23972002990054e-05
2373,7.797797800007936e-05
2374,7.797797800007936e-05
2375,7.797797800007936e-05
2376,0.0001340584594248983
2377,6.619726906973632e-06
2378,6.4248093575944586e-06
2379,6.4248093575944586e-06
2380,6.619726906973632e-06
2381,2.5455877140001534e-05
2382,2.5067429509062054e-05
2383,6.619726906973632e-06
2384,2.5455877140001534e-05
2385,6.619726906973632e-06
2386,6.619726906973632e-06
2387,2.5455877140001534e-05
2388,6.619726906973632e-06
2389,6.619726906973632e-06
2390,2.5455877140001534e-05
2391,6.619726906973632e-06
2392,2.5455877140001534e-05
2393,6.619726906973632e-06
2394,6.619726906973632e-06
2395,6.619726906973632e-06
2396,2.5455877140001534e-05
2397,6.619726906973632e-06
2398,2.5455877140001534e-05
2399,6.619726906973632e-06
2400,2.5455877140001534e-05
2401,2.5455877140001534e-05
2402,2.5455877140001534e-05
2403,1.330347589430567e-05
2404,5.969229811551081e-06
2405,5.769160013794641e-06
2406,5.769160013794641e-06
2407,5.969229811551081e-06
2408,1.1464283030076263e-05
2409,1.1470371123580145e-05
2410,5.969229811551081e-06
2411,1.1464283030076263e-05
2412,5.969229811551081e-06
2413,5.969229811551081e-06
2414,1.1464283030076263e-05
2415,5.969229811551081e-06
2416,5.969229811551081e-06
2417,1.1464283030076263e-05
2418,5.969229811551081e-06
2419,1.1464283030076263e-05
2420,5.969229811551081e-06
2421,5.969229811551081e-06
2422,5.969229811551081e-06
2423,1.1464283030076263e-05
2424,5.969229811551081e-06
2425,1.1464283030076263e-05
2426,5.969229811551081e-06
2427,1.1464283030076263e-05
2428,1.1464283030076263e-05
2429,1.1464283030076263e-05
